M,N,Num_Traitors,Abort_Count,Correct_Count,Incorrect_Count
1,5,0,4,0,0
1,5,0,0,0,4
1,5,0,0,0,4
1,5,0,4,0,0
1,5,0,0,0,4
1,5,0,4,0,0
1,5,0,4,0,0
1,5,0,4,0,0
1,5,0,0,0,4
1,5,0,0,0,4
1,5,0,0,0,4
1,5,0,4,0,0
1,5,0,0,0,4
1,5,0,0,0,4
1,5,0,0,0,4
1,5,0,0,0,4
1,5,0,4,0,0
1,5,0,4,0,0
1,5,0,0,0,4
1,5,0,0,0,4
1,5,0,0,0,4
1,5,0,4,0,0
1,5,0,0,0,4
1,5,0,4,0,0
1,5,0,4,0,0
1,5,0,0,0,4
1,5,0,4,0,0
1,5,0,4,0,0
1,5,0,0,0,4
1,5,0,0,0,4
1,5,0,4,0,0
1,5,0,4,0,0
1,5,0,0,0,4
1,5,0,0,0,4
1,5,0,0,0,4
1,5,0,4,0,0
1,5,0,0,0,4
1,5,0,0,0,4
1,5,0,0,0,4
1,5,0,0,0,4
1,5,0,0,0,4
1,5,0,4,0,0
1,5,0,0,0,4
1,5,0,0,0,4
1,5,0,4,0,0
1,5,0,0,0,4
1,5,0,4,0,0
1,5,0,4,0,0
1,5,0,0,0,4
1,5,0,4,0,0
1,5,0,4,0,0
1,5,0,4,0,0
1,5,0,0,0,4
1,5,0,4,0,0
1,5,0,4,0,0
1,5,0,0,0,4
1,5,0,0,0,4
1,5,0,0,0,4
1,5,0,4,0,0
1,5,0,4,0,0
1,5,0,0,0,4
1,5,0,0,0,4
1,5,0,4,0,0
1,5,0,0,0,4
1,5,0,0,0,4
1,5,0,0,0,4
1,5,0,4,0,0
1,5,0,4,0,0
1,5,0,0,0,4
1,5,0,0,0,4
1,5,0,4,0,0
1,5,0,0,0,4
1,5,0,4,0,0
1,5,0,0,0,4
1,5,0,0,0,4
1,5,0,0,0,4
1,5,0,4,0,0
1,5,0,0,0,4
1,5,0,0,0,4
1,5,0,4,0,0
1,5,0,4,0,0
1,5,0,0,0,4
1,5,0,4,0,0
1,5,0,4,0,0
1,5,0,0,0,4
1,5,0,0,0,4
1,5,0,4,0,0
1,5,0,4,0,0
1,5,0,0,0,4
1,5,0,0,0,4
1,5,0,4,0,0
1,5,0,4,0,0
1,5,0,4,0,0
1,5,0,0,0,4
1,5,0,0,0,4
1,5,0,0,0,4
1,5,0,0,0,4
1,5,0,4,0,0
1,5,0,4,0,0
1,5,0,0,0,4
1,5,0,0,0,4
1,5,0,4,0,0
1,5,0,4,0,0
1,5,0,0,0,4
1,5,0,0,0,4
1,5,0,0,0,4
1,5,0,4,0,0
1,5,0,4,0,0
1,5,0,0,0,4
1,5,0,0,0,4
1,5,0,4,0,0
1,5,0,4,0,0
1,5,0,0,0,4
1,5,0,0,0,4
1,5,0,4,0,0
1,5,0,4,0,0
1,5,0,0,0,4
1,5,0,0,0,4
1,5,0,0,0,4
1,5,0,4,0,0
1,5,0,4,0,0
1,5,0,0,0,4
1,5,0,4,0,0
1,5,0,4,0,0
1,5,0,4,0,0
1,5,0,4,0,0
1,5,0,4,0,0
1,5,0,4,0,0
1,5,0,0,0,4
1,5,0,0,0,4
1,5,0,0,0,4
1,5,0,4,0,0
1,5,0,0,0,4
1,5,0,0,0,4
1,5,0,4,0,0
1,5,0,0,0,4
1,5,0,4,0,0
1,5,0,0,0,4
1,5,0,0,0,4
1,5,0,0,0,4
1,5,0,0,0,4
1,5,0,0,0,4
1,5,0,4,0,0
1,5,0,0,0,4
1,5,0,4,0,0
1,5,0,4,0,0
1,5,0,4,0,0
1,5,0,0,0,4
1,5,0,0,0,4
1,5,0,4,0,0
1,5,0,4,0,0
1,5,0,4,0,0
1,5,0,0,0,4
1,5,0,0,0,4
1,5,0,4,0,0
1,5,0,0,0,4
1,5,0,4,0,0
1,5,0,0,0,4
1,5,0,4,0,0
1,5,0,4,0,0
1,5,0,0,0,4
1,5,0,0,0,4
1,5,0,4,0,0
1,5,0,0,0,4
1,5,0,4,0,0
1,5,0,0,0,4
1,5,0,0,0,4
1,5,0,0,0,4
1,5,0,0,0,4
1,5,0,4,0,0
1,5,0,4,0,0
1,5,0,0,0,4
1,5,0,0,0,4
1,5,0,0,0,4
1,5,0,0,0,4
1,5,0,4,0,0
1,5,0,4,0,0
1,5,0,4,0,0
1,5,0,4,0,0
1,5,0,0,0,4
1,5,0,0,0,4
1,5,0,4,0,0
1,5,0,0,0,4
1,5,0,0,0,4
1,5,0,4,0,0
1,5,0,4,0,0
1,5,0,0,0,4
1,5,0,4,0,0
1,5,0,0,0,4
1,5,0,0,0,4
1,5,0,4,0,0
1,5,0,0,0,4
1,5,0,4,0,0
1,5,0,4,0,0
1,5,0,4,0,0
1,5,0,4,0,0
1,5,0,0,0,4
1,5,0,0,0,4
1,5,0,4,0,0
1,5,0,0,0,4
1,5,0,0,0,4
1,5,0,0,0,4
1,5,0,4,0,0
1,5,0,4,0,0
1,5,0,4,0,0
1,5,0,4,0,0
1,5,0,0,0,4
1,5,0,0,0,4
1,5,0,4,0,0
1,5,0,4,0,0
1,5,0,4,0,0
1,5,0,4,0,0
1,5,0,0,0,4
1,5,0,0,0,4
1,5,0,0,0,4
1,5,0,0,0,4
1,5,0,4,0,0
1,5,0,0,0,4
1,5,0,4,0,0
1,5,0,4,0,0
1,5,0,4,0,0
1,5,0,0,0,4
1,5,0,0,0,4
1,5,0,0,0,4
1,5,0,4,0,0
1,5,0,0,0,4
1,5,0,0,0,4
1,5,0,0,0,4
1,5,0,4,0,0
1,5,0,0,0,4
1,5,0,4,0,0
1,5,0,0,0,4
1,5,0,4,0,0
1,5,0,4,0,0
1,5,0,4,0,0
1,5,0,4,0,0
1,5,0,4,0,0
1,5,0,0,0,4
1,5,0,4,0,0
1,5,0,0,0,4
1,5,0,4,0,0
1,5,0,0,0,4
1,5,0,0,0,4
1,5,0,0,0,4
1,5,0,4,0,0
1,5,0,0,0,4
1,5,0,0,0,4
1,5,0,4,0,0
1,5,0,4,0,0
1,5,0,4,0,0
1,5,0,4,0,0
1,5,0,0,0,4
1,5,0,0,0,4
1,5,0,4,0,0
1,5,0,4,0,0
1,5,0,0,0,4
1,5,0,0,0,4
1,5,0,0,0,4
1,5,0,4,0,0
1,5,0,4,0,0
1,5,0,4,0,0
1,5,0,0,0,4
1,5,0,0,0,4
1,5,0,0,0,4
1,5,0,0,0,4
1,5,0,4,0,0
1,5,0,0,0,4
1,5,0,0,0,4
1,5,0,4,0,0
1,5,0,4,0,0
1,5,0,4,0,0
1,5,0,0,0,4
1,5,0,4,0,0
1,5,0,4,0,0
1,5,0,4,0,0
1,5,0,0,0,4
1,5,0,4,0,0
1,5,0,4,0,0
1,5,0,0,0,4
1,5,0,4,0,0
1,5,0,0,0,4
1,5,0,0,0,4
1,5,0,4,0,0
1,5,0,0,0,4
1,5,0,4,0,0
1,5,0,4,0,0
1,5,0,0,0,4
1,5,0,0,0,4
1,5,0,4,0,0
1,5,0,0,0,4
1,5,0,4,0,0
1,5,0,0,0,4
1,5,0,0,0,4
1,5,0,4,0,0
1,5,0,4,0,0
1,5,0,4,0,0
1,5,0,4,0,0
1,5,0,4,0,0
1,5,0,4,0,0
1,5,0,0,0,4
1,5,0,0,0,4
1,5,0,0,0,4
1,5,0,0,0,4
1,5,0,0,0,4
1,5,0,0,0,4
1,5,0,0,0,4
1,5,0,4,0,0
1,5,0,0,0,4
1,5,0,0,0,4
1,5,0,0,0,4
1,5,0,0,0,4
1,5,0,0,0,4
1,5,0,0,0,4
1,5,0,4,0,0
1,5,0,4,0,0
1,5,0,0,0,4
1,5,0,4,0,0
1,5,0,0,0,4
1,5,0,0,0,4
1,5,0,0,0,4
1,5,0,0,0,4
1,5,0,0,0,4
1,5,0,4,0,0
1,5,0,0,0,4
1,5,0,0,0,4
1,5,0,0,0,4
1,5,0,0,0,4
1,5,0,4,0,0
1,5,0,0,0,4
1,5,0,4,0,0
1,5,0,4,0,0
1,5,0,4,0,0
1,5,0,0,0,4
1,5,0,4,0,0
1,5,0,0,0,4
1,5,0,4,0,0
1,5,0,4,0,0
1,5,0,0,0,4
1,5,0,4,0,0
1,5,0,4,0,0
1,5,0,4,0,0
1,5,0,4,0,0
1,5,0,0,0,4
1,5,0,4,0,0
1,5,0,4,0,0
1,5,0,0,0,4
1,5,0,0,0,4
1,5,0,0,0,4
1,5,0,0,0,4
1,5,0,4,0,0
1,3,0,0,0,2
1,3,0,0,0,2
1,3,0,0,0,2
1,3,0,2,0,0
1,3,0,2,0,0
1,3,0,0,0,2
1,3,0,2,0,0
1,3,0,0,0,2
1,3,0,0,0,2
1,3,0,0,0,2
1,3,0,0,0,2
1,3,0,0,0,2
1,3,0,0,0,2
1,3,0,0,0,2
1,3,0,0,0,2
1,3,0,0,0,2
1,3,0,2,0,0
1,3,0,2,0,0
1,3,0,0,0,2
1,3,0,0,0,2
1,3,0,2,0,0
1,3,0,0,0,2
1,3,0,2,0,0
1,3,0,0,0,2
1,3,0,0,0,2
1,3,0,0,0,2
1,3,0,0,0,2
1,3,0,2,0,0
1,3,0,0,0,2
1,3,0,0,0,2
1,3,0,0,0,2
1,3,0,2,0,0
1,3,0,0,0,2
1,3,0,0,0,2
1,3,0,0,0,2
1,3,0,0,0,2
1,3,0,0,0,2
1,3,0,0,0,2
1,3,0,0,0,2
1,3,0,0,0,2
1,3,0,0,0,2
1,3,0,0,0,2
1,3,0,0,0,2
1,3,0,2,0,0
1,3,0,0,0,2
1,3,0,0,0,2
1,3,0,0,0,2
1,3,0,0,0,2
1,3,0,0,0,2
1,3,0,0,0,2
1,3,0,0,0,2
1,3,0,0,0,2
1,3,0,0,0,2
1,3,0,0,0,2
1,3,0,0,0,2
1,3,0,0,0,2
1,3,0,0,0,2
1,3,0,0,0,2
1,3,0,0,0,2
1,3,0,0,0,2
1,3,0,0,0,2
1,3,0,0,0,2
1,3,0,0,0,2
1,3,0,0,0,2
1,3,0,0,0,2
1,3,0,0,0,2
1,3,0,2,0,0
1,3,0,2,0,0
1,3,0,2,0,0
1,3,0,0,0,2
1,3,0,0,0,2
1,3,0,0,0,2
1,3,0,0,0,2
1,3,0,0,0,2
1,3,0,0,0,2
1,3,0,2,0,0
1,3,0,0,0,2
1,3,0,0,0,2
1,3,0,2,0,0
1,3,0,2,0,0
1,3,0,0,0,2
1,3,0,0,0,2
1,3,0,0,0,2
1,3,0,0,0,2
1,3,0,2,0,0
1,3,0,0,0,2
1,3,0,2,0,0
1,3,0,0,0,2
1,3,0,0,0,2
1,3,0,2,0,0
1,3,0,0,0,2
1,3,0,0,0,2
1,3,0,2,0,0
1,3,0,0,0,2
1,3,0,0,0,2
1,3,0,0,0,2
1,3,0,0,0,2
1,3,0,0,0,2
1,3,0,0,0,2
1,3,0,0,0,2
1,3,0,2,0,0
1,3,0,0,0,2
1,3,0,2,0,0
1,3,0,0,0,2
1,3,0,2,0,0
1,3,0,2,0,0
1,3,0,2,0,0
1,3,0,0,0,2
1,3,0,0,0,2
1,3,0,0,0,2
1,3,0,0,0,2
1,3,0,0,0,2
1,3,0,2,0,0
1,3,0,0,0,2
1,3,0,0,0,2
1,3,0,0,0,2
1,3,0,0,0,2
1,3,0,2,0,0
1,3,0,2,0,0
1,3,0,0,0,2
1,3,0,2,0,0
1,3,0,0,0,2
1,3,0,2,0,0
1,3,0,0,0,2
1,3,0,0,0,2
1,3,0,0,0,2
1,3,0,2,0,0
1,3,0,0,0,2
1,3,0,0,0,2
1,3,0,0,0,2
1,3,0,2,0,0
1,3,0,0,0,2
1,3,0,2,0,0
1,3,0,2,0,0
1,3,0,2,0,0
1,3,0,2,0,0
1,3,0,0,0,2
1,3,0,0,0,2
1,3,0,2,0,0
1,3,0,0,0,2
1,3,0,2,0,0
1,3,0,0,0,2
1,3,0,2,0,0
1,3,0,2,0,0
1,3,0,0,0,2
1,3,0,0,0,2
1,3,0,0,0,2
1,3,0,0,0,2
1,3,0,0,0,2
1,3,0,0,0,2
1,3,0,0,0,2
1,3,0,0,0,2
1,3,0,0,0,2
1,3,0,0,0,2
1,3,0,0,0,2
1,3,0,0,0,2
1,3,0,0,0,2
1,3,0,0,0,2
1,3,0,0,0,2
1,3,0,0,0,2
1,5,0,4,0,0
1,5,0,0,0,4
1,5,0,0,0,4
1,5,0,4,0,0
1,5,0,0,0,4
1,5,0,0,0,4
1,5,0,0,0,4
1,5,0,0,0,4
1,5,0,0,0,4
1,5,0,4,0,0
1,5,0,0,0,4
1,5,0,4,0,0
1,5,0,4,0,0
1,5,0,4,0,0
1,5,0,0,0,4
1,5,0,0,0,4
1,5,0,0,0,4
1,5,0,4,0,0
1,5,0,0,0,4
1,5,0,4,0,0
1,5,0,4,0,0
1,5,0,4,0,0
1,5,0,0,0,4
1,5,0,4,0,0
1,5,0,0,0,4
1,5,0,0,0,4
1,5,0,4,0,0
1,5,0,4,0,0
1,5,0,0,0,4
1,5,0,0,0,4
1,5,0,0,0,4
1,5,0,4,0,0
1,5,0,0,0,4
1,5,0,4,0,0
1,5,0,0,0,4
1,5,0,4,0,0
1,5,0,4,0,0
1,5,0,4,0,0
1,5,0,4,0,0
1,5,0,4,0,0
1,5,0,0,0,4
1,5,0,0,0,4
1,5,0,0,0,4
1,5,0,0,0,4
1,5,0,0,0,4
1,5,0,4,0,0
1,5,0,4,0,0
1,5,0,4,0,0
1,5,0,0,0,4
1,5,0,0,0,4
1,5,0,4,0,0
1,5,0,0,0,4
1,5,0,0,0,4
1,5,0,4,0,0
1,5,0,0,0,4
1,5,0,4,0,0
1,5,0,0,0,4
1,5,0,4,0,0
1,5,0,0,0,4
1,5,0,0,0,4
1,5,0,4,0,0
1,5,0,0,0,4
1,5,0,0,0,4
1,5,0,0,0,4
1,5,0,4,0,0
1,5,0,0,0,4
1,5,0,0,0,4
1,5,0,4,0,0
1,5,0,0,0,4
1,5,0,0,0,4
1,5,0,0,0,4
1,5,0,0,0,4
1,5,0,0,0,4
1,5,0,0,0,4
1,5,0,4,0,0
1,5,0,0,0,4
1,5,0,0,0,4
1,5,0,0,0,4
1,5,0,4,0,0
1,5,0,0,0,4
1,5,0,0,0,4
1,5,0,4,0,0
1,5,0,4,0,0
1,5,0,4,0,0
1,5,0,4,0,0
1,5,0,0,0,4
1,5,0,4,0,0
1,5,0,4,0,0
1,5,0,0,0,4
1,5,0,4,0,0
1,5,0,4,0,0
1,5,0,0,0,4
1,5,0,4,0,0
1,5,0,4,0,0
1,5,0,0,0,4
1,5,0,4,0,0
1,5,0,4,0,0
1,5,0,4,0,0
1,5,0,0,0,4
1,5,0,0,0,4
1,5,0,0,0,4
1,5,0,0,0,4
1,5,0,4,0,0
1,5,0,4,0,0
1,5,0,4,0,0
1,5,0,4,0,0
1,5,0,4,0,0
1,5,0,4,0,0
1,5,0,0,0,4
1,5,0,4,0,0
1,5,0,4,0,0
1,5,0,0,0,4
1,5,0,4,0,0
1,5,0,4,0,0
1,5,0,0,0,4
1,5,0,4,0,0
1,5,0,4,0,0
1,5,0,0,0,4
1,5,0,4,0,0
1,5,0,4,0,0
1,5,0,4,0,0
1,5,0,4,0,0
1,5,0,4,0,0
1,5,0,4,0,0
1,5,0,4,0,0
1,5,0,0,0,4
1,5,0,0,0,4
1,5,0,4,0,0
1,5,0,0,0,4
1,5,0,4,0,0
1,5,0,4,0,0
1,5,0,0,0,4
1,5,0,4,0,0
1,5,0,4,0,0
1,5,0,0,0,4
1,5,0,4,0,0
1,5,0,0,0,4
1,5,0,4,0,0
1,5,0,0,0,4
1,5,0,4,0,0
1,5,0,4,0,0
1,5,0,0,0,4
1,5,0,0,0,4
1,5,0,4,0,0
1,5,0,0,0,4
1,5,0,4,0,0
1,5,0,0,0,4
1,5,0,4,0,0
1,5,0,0,0,4
1,5,0,4,0,0
1,5,0,0,0,4
1,5,0,0,0,4
1,5,0,4,0,0
1,5,0,0,0,4
1,5,0,0,0,4
1,5,0,4,0,0
1,5,0,4,0,0
1,5,0,0,0,4
1,5,0,0,0,4
1,5,0,0,0,4
1,5,0,0,0,4
1,5,0,4,0,0
1,5,0,4,0,0
1,5,0,4,0,0
1,5,0,0,0,4
1,5,0,4,0,0
1,5,0,4,0,0
1,5,0,0,0,4
1,5,0,4,0,0
1,5,0,0,0,4
1,5,0,0,0,4
1,5,0,0,0,4
1,5,0,0,0,4
1,5,0,0,0,4
1,5,0,4,0,0
1,5,0,4,0,0
1,5,0,0,0,4
1,5,0,4,0,0
1,5,0,4,0,0
1,5,0,0,0,4
1,5,0,4,0,0
1,5,0,4,0,0
1,5,0,0,0,4
1,5,0,4,0,0
1,5,0,0,0,4
1,5,0,0,0,4
1,5,0,0,0,4
1,5,0,4,0,0
1,5,0,0,0,4
1,5,0,4,0,0
1,5,0,4,0,0
1,5,0,0,0,4
1,5,0,0,0,4
1,5,0,0,0,4
1,5,0,0,0,4
1,5,0,0,0,4
1,5,0,4,0,0
1,5,0,4,0,0
1,5,0,4,0,0
1,5,0,4,0,0
1,5,0,4,0,0
1,5,0,4,0,0
1,5,0,4,0,0
1,5,0,4,0,0
1,5,0,0,0,4
1,5,0,4,0,0
1,5,0,0,0,4
1,5,0,4,0,0
1,5,0,0,0,4
1,5,0,0,0,4
1,5,0,4,0,0
1,5,0,4,0,0
1,5,0,4,0,0
1,5,0,0,0,4
1,5,0,0,0,4
1,5,0,0,0,4
1,5,0,0,0,4
1,5,0,0,0,4
1,5,0,0,0,4
1,5,0,4,0,0
1,5,0,4,0,0
1,5,0,0,0,4
1,5,0,0,0,4
1,5,0,4,0,0
1,5,0,0,0,4
1,5,0,4,0,0
1,5,0,4,0,0
1,5,0,4,0,0
1,5,0,0,0,4
1,5,0,4,0,0
1,5,0,0,0,4
1,5,0,0,0,4
1,5,0,0,0,4
1,5,0,4,0,0
1,5,0,4,0,0
1,5,0,0,0,4
1,5,0,0,0,4
1,5,0,0,0,4
1,5,0,4,0,0
1,5,0,4,0,0
1,5,0,4,0,0
1,5,0,0,0,4
1,5,0,0,0,4
1,5,0,0,0,4
1,5,0,4,0,0
1,5,0,4,0,0
1,5,0,0,0,4
1,5,0,4,0,0
1,5,0,0,0,4
1,5,0,0,0,4
1,5,0,4,0,0
1,5,0,0,0,4
1,5,0,4,0,0
1,5,0,0,0,4
1,5,0,4,0,0
1,5,0,4,0,0
1,5,0,0,0,4
1,5,0,0,0,4
1,5,0,4,0,0
1,5,0,0,0,4
1,5,0,4,0,0
1,5,0,4,0,0
1,5,0,0,0,4
1,5,0,0,0,4
1,5,0,0,0,4
1,5,0,0,0,4
1,5,0,0,0,4
1,5,0,0,0,4
1,5,0,0,0,4
1,5,0,0,0,4
1,5,0,0,0,4
1,5,0,4,0,0
1,5,0,4,0,0
1,5,0,4,0,0
1,5,0,4,0,0
1,5,0,0,0,4
1,5,0,4,0,0
1,5,0,4,0,0
1,5,0,0,0,4
1,5,0,0,0,4
1,5,0,0,0,4
1,5,0,0,0,4
1,5,0,4,0,0
1,5,0,0,0,4
1,5,0,0,0,4
1,5,0,0,0,4
1,5,0,4,0,0
1,5,0,4,0,0
1,5,0,0,0,4
1,5,0,4,0,0
1,5,0,0,0,4
1,5,0,0,0,4
1,5,0,4,0,0
1,5,0,0,0,4
1,5,0,0,0,4
1,5,0,0,0,4
1,5,0,0,0,4
1,5,0,4,0,0
1,5,0,0,0,4
1,5,0,0,0,4
1,5,0,4,0,0
1,5,0,4,0,0
1,5,0,4,0,0
1,5,0,0,0,4
1,5,0,4,0,0
1,5,0,0,0,4
1,5,0,0,0,4
1,5,0,0,0,4
1,5,0,4,0,0
1,5,0,4,0,0
1,5,0,4,0,0
1,5,0,0,0,4
1,5,0,4,0,0
1,5,0,4,0,0
1,5,0,0,0,4
1,5,0,0,0,4
1,5,0,4,0,0
1,5,0,0,0,4
1,5,0,4,0,0
1,5,0,4,0,0
1,5,0,4,0,0
1,5,0,0,0,4
1,5,0,4,0,0
1,5,0,4,0,0
1,5,0,0,0,4
1,5,0,0,0,4
1,5,0,0,0,4
1,5,0,4,0,0
1,5,0,0,0,4
1,5,0,4,0,0
1,5,0,0,0,4
1,5,0,0,0,4
1,5,0,4,0,0
1,5,0,4,0,0
1,5,0,0,0,4
1,5,0,0,0,4
1,3,0,0,0,2
1,3,0,2,0,0
1,3,0,0,0,2
1,3,0,0,0,2
1,3,0,0,0,2
1,3,0,2,0,0
1,3,0,0,0,2
1,3,0,0,0,2
1,3,0,0,0,2
1,3,0,0,0,2
1,3,0,0,0,2
1,3,0,2,0,0
1,3,0,0,0,2
1,3,0,2,0,0
1,3,0,0,0,2
1,3,0,0,0,2
1,3,0,0,0,2
1,3,0,0,0,2
1,3,0,0,0,2
1,3,0,0,0,2
1,3,0,0,0,2
1,3,0,2,0,0
1,3,0,2,0,0
1,3,0,0,0,2
1,3,0,2,0,0
1,3,0,2,0,0
1,3,0,2,0,0
1,3,0,2,0,0
1,3,0,2,0,0
1,3,0,0,0,2
1,3,0,0,0,2
1,3,0,2,0,0
1,3,0,0,0,2
1,3,0,0,0,2
1,3,0,2,0,0
1,3,0,0,0,2
1,3,0,0,0,2
1,3,0,2,0,0
1,3,0,2,0,0
1,3,0,0,0,2
1,3,0,0,0,2
1,3,0,0,0,2
1,3,0,0,0,2
1,3,0,2,0,0
1,3,0,0,0,2
1,3,0,0,0,2
1,3,0,2,0,0
1,3,0,0,0,2
1,3,0,2,0,0
1,3,0,0,0,2
1,3,0,0,0,2
1,3,0,0,0,2
1,3,0,0,0,2
1,3,0,0,0,2
1,3,0,2,0,0
1,3,0,0,0,2
1,3,0,0,0,2
1,3,0,2,0,0
1,3,0,2,0,0
1,3,0,0,0,2
1,3,0,0,0,2
1,3,0,0,0,2
1,3,0,0,0,2
1,3,0,0,0,2
1,3,0,2,0,0
1,3,0,0,0,2
1,3,0,0,0,2
1,3,0,0,0,2
1,3,0,2,0,0
1,3,0,2,0,0
1,3,0,2,0,0
1,3,0,0,0,2
1,3,0,0,0,2
1,3,0,0,0,2
1,3,0,0,0,2
1,3,0,0,0,2
1,3,0,0,0,2
1,3,0,2,0,0
1,3,0,0,0,2
1,3,0,0,0,2
1,3,0,0,0,2
1,3,0,0,0,2
1,3,0,0,0,2
1,3,0,0,0,2
1,3,0,0,0,2
1,3,0,0,0,2
1,3,0,0,0,2
1,3,0,2,0,0
1,3,0,0,0,2
1,3,0,0,0,2
1,3,0,2,0,0
1,3,0,0,0,2
1,3,0,2,0,0
1,3,0,0,0,2
1,3,0,0,0,2
1,3,0,0,0,2
1,3,0,2,0,0
1,3,0,2,0,0
1,3,0,2,0,0
1,3,0,2,0,0
1,3,0,0,0,2
1,3,0,0,0,2
1,3,0,0,0,2
1,3,0,0,0,2
1,3,0,2,0,0
1,3,0,0,0,2
1,3,0,0,0,2
1,3,0,0,0,2
1,3,0,0,0,2
1,3,0,0,0,2
1,3,0,0,0,2
1,3,0,0,0,2
1,3,0,0,0,2
1,3,0,0,0,2
1,3,0,0,0,2
1,3,0,0,0,2
1,3,0,2,0,0
1,3,0,0,0,2
1,3,0,0,0,2
1,3,0,2,0,0
1,3,0,0,0,2
1,3,0,0,0,2
1,3,0,0,0,2
1,3,0,0,0,2
1,3,0,0,0,2
1,3,0,2,0,0
1,3,0,0,0,2
1,3,0,0,0,2
1,3,0,0,0,2
1,3,0,0,0,2
1,3,0,0,0,2
1,3,0,0,0,2
1,3,0,0,0,2
1,3,0,0,0,2
1,3,0,0,0,2
1,3,0,0,0,2
1,3,0,2,0,0
1,3,0,0,0,2
1,3,0,0,0,2
1,3,0,0,0,2
1,3,0,0,0,2
1,3,0,0,0,2
1,3,0,0,0,2
1,3,0,0,0,2
1,5,0,0,0,4
1,5,0,0,0,4
1,5,0,0,0,4
1,5,0,4,0,0
1,5,0,4,0,0
1,5,0,4,0,0
1,5,0,4,0,0
1,5,0,4,0,0
1,5,0,4,0,0
1,5,0,0,0,4
1,5,0,0,0,4
1,5,0,0,0,4
1,5,0,0,0,4
1,5,0,4,0,0
1,5,0,4,0,0
1,5,0,0,0,4
1,5,0,4,0,0
1,5,0,0,0,4
1,5,0,0,0,4
1,5,0,4,0,0
1,5,0,0,0,4
1,5,0,4,0,0
1,5,0,4,0,0
1,5,0,0,0,4
1,5,0,4,0,0
1,5,0,4,0,0
1,5,0,0,0,4
1,5,0,0,0,4
1,5,0,0,0,4
1,5,0,4,0,0
1,5,0,4,0,0
1,5,0,4,0,0
1,5,0,0,0,4
1,5,0,0,0,4
1,5,0,4,0,0
1,5,0,0,0,4
1,5,0,0,0,4
1,5,0,0,0,4
1,5,0,4,0,0
1,5,0,4,0,0
1,5,0,4,0,0
1,5,0,0,0,4
1,5,0,0,0,4
1,5,0,4,0,0
1,5,0,4,0,0
1,5,0,0,0,4
1,5,0,4,0,0
1,5,0,4,0,0
1,5,0,4,0,0
1,5,0,4,0,0
1,5,0,4,0,0
1,5,0,4,0,0
1,5,0,0,0,4
1,5,0,4,0,0
1,5,0,0,0,4
1,5,0,4,0,0
1,5,0,4,0,0
1,5,0,4,0,0
1,5,0,0,0,4
1,5,0,4,0,0
1,5,0,0,0,4
1,5,0,0,0,4
1,5,0,0,0,4
1,5,0,0,0,4
1,5,0,0,0,4
1,5,0,4,0,0
1,5,0,0,0,4
1,5,0,4,0,0
1,5,0,4,0,0
1,5,0,0,0,4
1,5,0,0,0,4
1,5,0,0,0,4
1,5,0,4,0,0
1,5,0,4,0,0
1,5,0,4,0,0
1,5,0,0,0,4
1,5,0,4,0,0
1,5,0,0,0,4
1,5,0,4,0,0
1,5,0,0,0,4
1,5,0,4,0,0
1,5,0,4,0,0
1,5,0,0,0,4
1,5,0,0,0,4
1,5,0,4,0,0
1,5,0,0,0,4
1,5,0,4,0,0
1,5,0,4,0,0
1,5,0,4,0,0
1,5,0,4,0,0
1,5,0,0,0,4
1,5,0,0,0,4
1,5,0,4,0,0
1,5,0,0,0,4
1,5,0,4,0,0
1,5,0,0,0,4
1,5,0,4,0,0
1,5,0,0,0,4
1,5,0,0,0,4
1,5,0,4,0,0
1,5,0,0,0,4
1,5,0,0,0,4
1,5,0,0,0,4
1,5,0,4,0,0
1,5,0,0,0,4
1,5,0,4,0,0
1,5,0,4,0,0
1,5,0,4,0,0
1,5,0,4,0,0
1,5,0,0,0,4
1,5,0,0,0,4
1,5,0,4,0,0
1,5,0,0,0,4
1,5,0,4,0,0
1,5,0,0,0,4
1,5,0,0,0,4
1,5,0,0,0,4
1,5,0,0,0,4
1,5,0,4,0,0
1,5,0,0,0,4
1,5,0,4,0,0
1,5,0,0,0,4
1,5,0,4,0,0
1,5,0,4,0,0
1,5,0,0,0,4
1,5,0,0,0,4
1,5,0,4,0,0
1,5,0,4,0,0
1,5,0,0,0,4
1,5,0,0,0,4
1,5,0,4,0,0
1,5,0,4,0,0
1,5,0,0,0,4
1,5,0,4,0,0
1,5,0,0,0,4
1,5,0,4,0,0
1,5,0,4,0,0
1,5,0,4,0,0
1,5,0,0,0,4
1,5,0,4,0,0
1,5,0,0,0,4
1,5,0,0,0,4
1,5,0,0,0,4
1,5,0,4,0,0
1,5,0,4,0,0
1,5,0,4,0,0
1,5,0,4,0,0
1,5,0,4,0,0
1,5,0,0,0,4
1,5,0,0,0,4
1,5,0,0,0,4
1,5,0,4,0,0
1,5,0,0,0,4
1,5,0,0,0,4
1,5,0,0,0,4
1,5,0,0,0,4
1,5,0,0,0,4
1,5,0,0,0,4
1,5,0,4,0,0
1,5,0,4,0,0
1,5,0,0,0,4
1,5,0,0,0,4
1,5,0,0,0,4
1,5,0,0,0,4
1,5,0,4,0,0
1,5,0,4,0,0
1,5,0,0,0,4
1,5,0,4,0,0
1,5,0,0,0,4
1,5,0,4,0,0
1,5,0,0,0,4
1,5,0,0,0,4
1,5,0,0,0,4
1,5,0,4,0,0
1,5,0,4,0,0
1,5,0,4,0,0
1,5,0,4,0,0
1,5,0,4,0,0
1,5,0,4,0,0
1,5,0,0,0,4
1,5,0,4,0,0
1,5,0,4,0,0
1,5,0,0,0,4
1,5,0,0,0,4
1,5,0,0,0,4
1,5,0,0,0,4
1,5,0,0,0,4
1,5,0,0,0,4
1,5,0,0,0,4
1,5,0,0,0,4
1,5,0,4,0,0
1,5,0,0,0,4
1,5,0,4,0,0
1,5,0,4,0,0
1,5,0,0,0,4
1,5,0,0,0,4
1,5,0,4,0,0
1,5,0,4,0,0
1,5,0,0,0,4
1,5,0,4,0,0
1,5,0,4,0,0
1,5,0,4,0,0
1,5,0,0,0,4
1,5,0,4,0,0
1,5,0,0,0,4
1,5,0,0,0,4
1,5,0,4,0,0
1,5,0,4,0,0
1,5,0,4,0,0
1,5,0,0,0,4
1,5,0,0,0,4
1,5,0,0,0,4
1,5,0,4,0,0
1,5,0,4,0,0
1,5,0,4,0,0
1,5,0,0,0,4
1,5,0,4,0,0
1,5,0,4,0,0
1,5,0,0,0,4
1,5,0,0,0,4
1,5,0,0,0,4
1,5,0,4,0,0
1,5,0,0,0,4
1,5,0,4,0,0
1,5,0,0,0,4
1,5,0,4,0,0
1,5,0,0,0,4
1,5,0,0,0,4
1,5,0,0,0,4
1,5,0,0,0,4
1,5,0,0,0,4
1,5,0,0,0,4
1,5,0,0,0,4
1,5,0,0,0,4
1,5,0,4,0,0
1,5,0,4,0,0
1,5,0,0,0,4
1,5,0,0,0,4
1,5,0,0,0,4
1,5,0,0,0,4
1,5,0,4,0,0
1,5,0,4,0,0
1,5,0,4,0,0
1,5,0,4,0,0
1,5,0,0,0,4
1,5,0,0,0,4
1,5,0,0,0,4
1,5,0,0,0,4
1,5,0,0,0,4
1,5,0,4,0,0
1,5,0,4,0,0
1,5,0,4,0,0
1,5,0,4,0,0
1,5,0,4,0,0
1,5,0,0,0,4
1,5,0,0,0,4
1,5,0,4,0,0
1,5,0,4,0,0
1,5,0,4,0,0
1,5,0,0,0,4
1,5,0,4,0,0
1,5,0,0,0,4
1,5,0,0,0,4
1,5,0,0,0,4
1,5,0,4,0,0
1,5,0,4,0,0
1,5,0,0,0,4
1,5,0,4,0,0
1,5,0,4,0,0
1,5,0,0,0,4
1,5,0,4,0,0
1,5,0,0,0,4
1,5,0,4,0,0
1,5,0,0,0,4
1,5,0,4,0,0
1,5,0,0,0,4
1,5,0,0,0,4
1,5,0,4,0,0
1,5,0,4,0,0
1,5,0,4,0,0
1,5,0,0,0,4
1,5,0,4,0,0
1,5,0,4,0,0
1,5,0,4,0,0
1,5,0,4,0,0
1,5,0,4,0,0
1,5,0,4,0,0
1,5,0,4,0,0
1,5,0,4,0,0
1,5,0,4,0,0
1,5,0,4,0,0
1,5,0,0,0,4
1,5,0,4,0,0
1,5,0,4,0,0
1,5,0,0,0,4
1,5,0,0,0,4
1,5,0,0,0,4
1,5,0,0,0,4
1,5,0,4,0,0
1,5,0,4,0,0
1,5,0,0,0,4
1,5,0,4,0,0
1,5,0,0,0,4
1,5,0,0,0,4
1,5,0,0,0,4
1,5,0,4,0,0
1,5,0,0,0,4
1,5,0,0,0,4
1,5,0,0,0,4
1,5,0,4,0,0
1,5,0,4,0,0
1,5,0,0,0,4
1,5,0,0,0,4
1,5,0,4,0,0
1,5,0,0,0,4
1,5,0,0,0,4
1,5,0,0,0,4
1,5,0,0,0,4
1,5,0,4,0,0
1,5,0,4,0,0
1,5,0,0,0,4
1,5,0,4,0,0
1,5,0,0,0,4
1,5,0,0,0,4
1,5,0,4,0,0
1,5,0,4,0,0
1,5,0,4,0,0
1,5,0,4,0,0
1,5,0,4,0,0
1,5,0,4,0,0
1,5,0,0,0,4
1,5,0,4,0,0
1,5,0,4,0,0
1,5,0,4,0,0
1,5,0,0,0,4
1,5,0,4,0,0
1,3,0,0,0,2
1,3,0,0,0,2
1,3,0,2,0,0
1,3,0,0,0,2
1,3,0,0,0,2
1,3,0,0,0,2
1,3,0,0,0,2
1,3,0,0,0,2
1,3,0,2,0,0
1,3,0,0,0,2
1,3,0,0,0,2
1,3,0,2,0,0
1,3,0,0,0,2
1,3,0,0,0,2
1,3,0,0,0,2
1,3,0,0,0,2
1,3,0,2,0,0
1,3,0,0,0,2
1,3,0,0,0,2
1,3,0,2,0,0
1,3,0,0,0,2
1,3,0,0,0,2
1,3,0,0,0,2
1,3,0,0,0,2
1,3,0,0,0,2
1,3,0,2,0,0
1,3,0,0,0,2
1,3,0,0,0,2
1,3,0,0,0,2
1,3,0,0,0,2
1,3,0,0,0,2
1,3,0,0,0,2
1,3,0,0,0,2
1,3,0,0,0,2
1,3,0,0,0,2
1,3,0,0,0,2
1,3,0,0,0,2
1,3,0,0,0,2
1,3,0,0,0,2
1,3,0,0,0,2
1,3,0,0,0,2
1,3,0,0,0,2
1,3,0,0,0,2
1,3,0,2,0,0
1,3,0,2,0,0
1,3,0,0,0,2
1,3,0,2,0,0
1,3,0,0,0,2
1,3,0,2,0,0
1,3,0,0,0,2
1,3,0,2,0,0
1,3,0,0,0,2
1,3,0,2,0,0
1,3,0,0,0,2
1,3,0,0,0,2
1,3,0,2,0,0
1,3,0,0,0,2
1,3,0,0,0,2
1,3,0,0,0,2
1,3,0,0,0,2
1,3,0,0,0,2
1,3,0,0,0,2
1,3,0,0,0,2
1,3,0,0,0,2
1,3,0,2,0,0
1,3,0,0,0,2
1,3,0,0,0,2
1,3,0,0,0,2
1,3,0,0,0,2
1,3,0,2,0,0
1,3,0,0,0,2
1,3,0,0,0,2
1,3,0,0,0,2
1,3,0,2,0,0
1,3,0,0,0,2
1,3,0,2,0,0
1,3,0,0,0,2
1,3,0,2,0,0
1,3,0,0,0,2
1,3,0,0,0,2
1,3,0,2,0,0
1,3,0,0,0,2
1,3,0,0,0,2
1,3,0,0,0,2
1,3,0,2,0,0
1,3,0,0,0,2
1,3,0,2,0,0
1,3,0,0,0,2
1,3,0,0,0,2
1,3,0,0,0,2
1,3,0,0,0,2
1,3,0,0,0,2
1,3,0,0,0,2
1,3,0,0,0,2
1,3,0,2,0,0
1,3,0,0,0,2
1,3,0,2,0,0
1,3,0,0,0,2
1,3,0,0,0,2
1,3,0,0,0,2
1,3,0,2,0,0
1,3,0,2,0,0
1,3,0,0,0,2
1,3,0,2,0,0
1,3,0,0,0,2
1,3,0,0,0,2
1,3,0,2,0,0
1,3,0,0,0,2
1,3,0,0,0,2
1,3,0,0,0,2
1,3,0,2,0,0
1,3,0,0,0,2
1,3,0,0,0,2
1,3,0,0,0,2
1,3,0,2,0,0
1,3,0,0,0,2
1,3,0,0,0,2
1,3,0,0,0,2
1,3,0,0,0,2
1,3,0,0,0,2
1,3,0,0,0,2
1,3,0,0,0,2
1,3,0,0,0,2
1,3,0,0,0,2
1,3,0,2,0,0
1,3,0,0,0,2
1,3,0,0,0,2
1,3,0,0,0,2
1,3,0,0,0,2
1,3,0,0,0,2
1,3,0,0,0,2
1,3,0,2,0,0
1,3,0,2,0,0
1,3,0,2,0,0
1,3,0,0,0,2
1,3,0,0,0,2
1,3,0,0,0,2
1,3,0,0,0,2
1,3,0,2,0,0
1,3,0,0,0,2
1,3,0,0,0,2
1,3,0,0,0,2
1,3,0,0,0,2
1,3,0,0,0,2
1,5,0,0,0,4
1,5,0,0,0,4
1,5,0,4,0,0
1,5,0,0,0,4
1,5,0,4,0,0
1,5,0,0,0,4
1,5,0,0,0,4
1,5,0,0,0,4
1,5,0,0,0,4
1,5,0,4,0,0
1,5,0,4,0,0
1,5,0,4,0,0
1,5,0,0,0,4
1,5,0,4,0,0
1,5,0,4,0,0
1,5,0,0,0,4
1,5,0,0,0,4
1,5,0,0,0,4
1,5,0,0,0,4
1,5,0,0,0,4
1,5,0,0,0,4
1,5,0,4,0,0
1,5,0,4,0,0
1,5,0,4,0,0
1,5,0,0,0,4
1,5,0,4,0,0
1,5,0,4,0,0
1,5,0,4,0,0
1,5,0,0,0,4
1,5,0,4,0,0
1,5,0,0,0,4
1,5,0,4,0,0
1,5,0,4,0,0
1,5,0,4,0,0
1,5,0,0,0,4
1,5,0,4,0,0
1,5,0,4,0,0
1,5,0,0,0,4
1,5,0,4,0,0
1,5,0,4,0,0
1,5,0,0,0,4
1,5,0,0,0,4
1,5,0,4,0,0
1,5,0,4,0,0
1,5,0,0,0,4
1,5,0,0,0,4
1,5,0,0,0,4
1,5,0,4,0,0
1,5,0,4,0,0
1,5,0,4,0,0
1,5,0,4,0,0
1,5,0,0,0,4
1,5,0,4,0,0
1,5,0,4,0,0
1,5,0,0,0,4
1,5,0,0,0,4
1,5,0,0,0,4
1,5,0,4,0,0
1,5,0,0,0,4
1,5,0,0,0,4
1,5,0,4,0,0
1,5,0,4,0,0
1,5,0,0,0,4
1,5,0,4,0,0
1,5,0,0,0,4
1,5,0,0,0,4
1,5,0,0,0,4
1,5,0,4,0,0
1,5,0,0,0,4
1,5,0,4,0,0
1,5,0,4,0,0
1,5,0,4,0,0
1,5,0,0,0,4
1,5,0,0,0,4
1,5,0,4,0,0
1,5,0,4,0,0
1,5,0,4,0,0
1,5,0,0,0,4
1,5,0,4,0,0
1,5,0,0,0,4
1,5,0,0,0,4
1,5,0,0,0,4
1,5,0,0,0,4
1,5,0,4,0,0
1,5,0,4,0,0
1,5,0,0,0,4
1,5,0,0,0,4
1,5,0,4,0,0
1,5,0,4,0,0
1,5,0,4,0,0
1,5,0,0,0,4
1,5,0,0,0,4
1,5,0,0,0,4
1,5,0,4,0,0
1,5,0,4,0,0
1,5,0,4,0,0
1,5,0,0,0,4
1,5,0,0,0,4
1,5,0,4,0,0
1,5,0,4,0,0
1,5,0,4,0,0
1,5,0,4,0,0
1,5,0,4,0,0
1,5,0,4,0,0
1,5,0,4,0,0
1,5,0,0,0,4
1,5,0,4,0,0
1,5,0,4,0,0
1,5,0,4,0,0
1,5,0,0,0,4
1,5,0,0,0,4
1,5,0,0,0,4
1,5,0,4,0,0
1,5,0,4,0,0
1,5,0,4,0,0
1,5,0,0,0,4
1,5,0,4,0,0
1,5,0,0,0,4
1,5,0,4,0,0
1,5,0,0,0,4
1,5,0,4,0,0
1,5,0,4,0,0
1,5,0,0,0,4
1,5,0,0,0,4
1,5,0,0,0,4
1,5,0,0,0,4
1,5,0,0,0,4
1,5,0,4,0,0
1,5,0,0,0,4
1,5,0,4,0,0
1,5,0,0,0,4
1,5,0,0,0,4
1,5,0,0,0,4
1,5,0,0,0,4
1,5,0,0,0,4
1,5,0,0,0,4
1,5,0,0,0,4
1,5,0,0,0,4
1,5,0,0,0,4
1,5,0,0,0,4
1,5,0,4,0,0
1,5,0,0,0,4
1,5,0,4,0,0
1,5,0,4,0,0
1,5,0,4,0,0
1,5,0,0,0,4
1,5,0,4,0,0
1,5,0,0,0,4
1,5,0,4,0,0
1,5,0,0,0,4
1,5,0,0,0,4
1,5,0,4,0,0
1,5,0,0,0,4
1,5,0,0,0,4
1,5,0,0,0,4
1,5,0,4,0,0
1,5,0,4,0,0
1,5,0,0,0,4
1,5,0,0,0,4
1,5,0,0,0,4
1,5,0,4,0,0
1,5,0,4,0,0
1,5,0,4,0,0
1,5,0,4,0,0
1,5,0,0,0,4
1,5,0,0,0,4
1,5,0,4,0,0
1,5,0,0,0,4
1,5,0,0,0,4
1,5,0,4,0,0
1,5,0,0,0,4
1,5,0,0,0,4
1,5,0,4,0,0
1,5,0,4,0,0
1,5,0,0,0,4
1,5,0,4,0,0
1,5,0,4,0,0
1,5,0,4,0,0
1,5,0,0,0,4
1,5,0,0,0,4
1,5,0,0,0,4
1,5,0,4,0,0
1,5,0,4,0,0
1,5,0,0,0,4
1,5,0,0,0,4
1,5,0,0,0,4
1,5,0,4,0,0
1,5,0,4,0,0
1,5,0,4,0,0
1,5,0,4,0,0
1,5,0,4,0,0
1,5,0,0,0,4
1,5,0,0,0,4
1,5,0,0,0,4
1,5,0,4,0,0
1,5,0,4,0,0
1,5,0,0,0,4
1,5,0,4,0,0
1,5,0,0,0,4
1,5,0,4,0,0
1,5,0,4,0,0
1,5,0,4,0,0
1,5,0,0,0,4
1,5,0,4,0,0
1,5,0,0,0,4
1,5,0,4,0,0
1,5,0,0,0,4
1,5,0,0,0,4
1,5,0,4,0,0
1,5,0,0,0,4
1,5,0,0,0,4
1,5,0,0,0,4
1,5,0,0,0,4
1,5,0,4,0,0
1,5,0,0,0,4
1,5,0,0,0,4
1,5,0,0,0,4
1,5,0,0,0,4
1,5,0,4,0,0
1,5,0,4,0,0
1,5,0,4,0,0
1,5,0,0,0,4
1,5,0,0,0,4
1,5,0,0,0,4
1,5,0,0,0,4
1,5,0,4,0,0
1,5,0,4,0,0
1,5,0,0,0,4
1,5,0,0,0,4
1,5,0,4,0,0
1,5,0,0,0,4
1,5,0,0,0,4
1,5,0,4,0,0
1,5,0,4,0,0
1,5,0,0,0,4
1,5,0,0,0,4
1,5,0,4,0,0
1,5,0,4,0,0
1,5,0,4,0,0
1,5,0,0,0,4
1,5,0,0,0,4
1,5,0,4,0,0
1,5,0,0,0,4
1,5,0,0,0,4
1,5,0,0,0,4
1,5,0,4,0,0
1,5,0,4,0,0
1,5,0,0,0,4
1,5,0,0,0,4
1,5,0,4,0,0
1,5,0,0,0,4
1,5,0,4,0,0
1,5,0,0,0,4
1,5,0,4,0,0
1,5,0,4,0,0
1,5,0,0,0,4
1,5,0,4,0,0
1,5,0,4,0,0
1,5,0,0,0,4
1,5,0,0,0,4
1,5,0,0,0,4
1,5,0,4,0,0
1,5,0,4,0,0
1,5,0,4,0,0
1,5,0,4,0,0
1,5,0,4,0,0
1,5,0,4,0,0
1,5,0,0,0,4
1,5,0,0,0,4
1,5,0,0,0,4
1,5,0,4,0,0
1,5,0,0,0,4
1,5,0,4,0,0
1,5,0,4,0,0
1,5,0,4,0,0
1,5,0,0,0,4
1,5,0,4,0,0
1,5,0,4,0,0
1,5,0,0,0,4
1,5,0,0,0,4
1,5,0,4,0,0
1,5,0,4,0,0
1,5,0,4,0,0
1,5,0,0,0,4
1,5,0,0,0,4
1,5,0,4,0,0
1,5,0,4,0,0
1,5,0,0,0,4
1,5,0,0,0,4
1,5,0,4,0,0
1,5,0,0,0,4
1,5,0,0,0,4
1,5,0,0,0,4
1,5,0,4,0,0
1,5,0,0,0,4
1,5,0,4,0,0
1,5,0,4,0,0
1,5,0,0,0,4
1,5,0,0,0,4
1,5,0,4,0,0
1,5,0,4,0,0
1,5,0,4,0,0
1,5,0,0,0,4
1,5,0,4,0,0
1,5,0,4,0,0
1,5,0,0,0,4
1,5,0,4,0,0
1,5,0,4,0,0
1,5,0,0,0,4
1,5,0,4,0,0
1,5,0,4,0,0
1,5,0,0,0,4
1,5,0,0,0,4
1,5,0,0,0,4
1,5,0,0,0,4
1,5,0,0,0,4
1,5,0,4,0,0
1,5,0,0,0,4
1,5,0,0,0,4
1,5,0,4,0,0
1,5,0,0,0,4
1,5,0,4,0,0
1,5,0,4,0,0
1,5,0,4,0,0
1,5,0,4,0,0
1,5,0,0,0,4
1,5,0,4,0,0
1,5,0,0,0,4
1,5,0,4,0,0
1,5,0,0,0,4
1,5,0,4,0,0
1,5,0,4,0,0
1,5,0,4,0,0
1,5,0,4,0,0
1,5,0,0,0,4
1,5,0,4,0,0
1,3,0,2,0,0
1,3,0,0,0,2
1,3,0,0,0,2
1,3,0,2,0,0
1,3,0,2,0,0
1,3,0,0,0,2
1,3,0,0,0,2
1,3,0,0,0,2
1,3,0,2,0,0
1,3,0,0,0,2
1,3,0,0,0,2
1,3,0,0,0,2
1,3,0,2,0,0
1,3,0,0,0,2
1,3,0,2,0,0
1,3,0,0,0,2
1,3,0,0,0,2
1,3,0,2,0,0
1,3,0,2,0,0
1,3,0,0,0,2
1,3,0,0,0,2
1,3,0,2,0,0
1,3,0,0,0,2
1,3,0,0,0,2
1,3,0,0,0,2
1,3,0,0,0,2
1,3,0,0,0,2
1,3,0,2,0,0
1,3,0,0,0,2
1,3,0,2,0,0
1,3,0,2,0,0
1,3,0,0,0,2
1,3,0,0,0,2
1,3,0,0,0,2
1,3,0,0,0,2
1,3,0,0,0,2
1,3,0,0,0,2
1,3,0,0,0,2
1,3,0,0,0,2
1,3,0,0,0,2
1,3,0,0,0,2
1,3,0,0,0,2
1,3,0,0,0,2
1,3,0,0,0,2
1,3,0,2,0,0
1,3,0,0,0,2
1,3,0,0,0,2
1,3,0,0,0,2
1,3,0,0,0,2
1,3,0,0,0,2
1,3,0,0,0,2
1,3,0,0,0,2
1,3,0,0,0,2
1,3,0,0,0,2
1,3,0,0,0,2
1,3,0,0,0,2
1,3,0,0,0,2
1,3,0,0,0,2
1,3,0,0,0,2
1,3,0,2,0,0
1,3,0,0,0,2
1,3,0,2,0,0
1,3,0,0,0,2
1,3,0,0,0,2
1,3,0,0,0,2
1,3,0,0,0,2
1,3,0,0,0,2
1,3,0,0,0,2
1,3,0,0,0,2
1,3,0,0,0,2
1,3,0,0,0,2
1,3,0,0,0,2
1,3,0,0,0,2
1,3,0,0,0,2
1,3,0,0,0,2
1,3,0,0,0,2
1,3,0,2,0,0
1,3,0,0,0,2
1,3,0,2,0,0
1,3,0,0,0,2
1,3,0,0,0,2
1,3,0,2,0,0
1,3,0,0,0,2
1,3,0,0,0,2
1,3,0,0,0,2
1,3,0,2,0,0
1,3,0,0,0,2
1,3,0,2,0,0
1,3,0,0,0,2
1,3,0,0,0,2
1,3,0,2,0,0
1,3,0,2,0,0
1,3,0,0,0,2
1,3,0,0,0,2
1,3,0,0,0,2
1,3,0,0,0,2
1,3,0,2,0,0
1,3,0,2,0,0
1,3,0,0,0,2
1,3,0,0,0,2
1,3,0,0,0,2
1,3,0,0,0,2
1,3,0,2,0,0
1,3,0,2,0,0
1,3,0,0,0,2
1,3,0,0,0,2
1,3,0,0,0,2
1,3,0,0,0,2
1,3,0,0,0,2
1,3,0,0,0,2
1,3,0,0,0,2
1,3,0,0,0,2
1,3,0,0,0,2
1,3,0,2,0,0
1,3,0,0,0,2
1,3,0,2,0,0
1,3,0,2,0,0
1,3,0,0,0,2
1,3,0,0,0,2
1,3,0,2,0,0
1,3,0,2,0,0
1,3,0,2,0,0
1,3,0,2,0,0
1,3,0,0,0,2
1,3,0,2,0,0
1,3,0,0,0,2
1,3,0,0,0,2
1,3,0,0,0,2
1,3,0,0,0,2
1,3,0,0,0,2
1,3,0,2,0,0
1,3,0,0,0,2
1,3,0,0,0,2
1,3,0,2,0,0
1,3,0,0,0,2
1,3,0,0,0,2
1,3,0,0,0,2
1,3,0,0,0,2
1,3,0,2,0,0
1,3,0,0,0,2
1,3,0,2,0,0
1,3,0,0,0,2
1,3,0,0,0,2
1,3,0,0,0,2
10,3,1,0,0,1
10,3,1,0,0,1
10,3,1,0,0,1
10,3,1,0,0,1
10,3,1,1,0,0
10,3,1,1,0,0
10,3,1,0,0,1
10,3,1,1,0,0
10,3,1,1,0,0
10,3,1,0,0,1
10,3,1,0,0,1
10,3,1,1,0,0
10,3,1,1,0,0
10,3,1,0,0,1
10,3,1,0,0,1
10,3,1,1,0,0
1,5,0,0,0,4
1,5,0,0,0,4
1,5,0,0,0,4
1,5,0,0,0,4
1,5,0,0,0,4
1,5,0,4,0,0
1,5,0,4,0,0
1,5,0,4,0,0
1,5,0,0,0,4
1,5,0,4,0,0
1,5,0,0,0,4
1,5,0,4,0,0
1,5,0,0,0,4
1,5,0,4,0,0
1,5,0,4,0,0
1,5,0,4,0,0
1,5,0,4,0,0
1,5,0,4,0,0
1,5,0,4,0,0
1,5,0,0,0,4
1,5,0,4,0,0
1,5,0,0,0,4
1,5,0,0,0,4
1,5,0,4,0,0
1,5,0,0,0,4
1,5,0,0,0,4
1,5,0,4,0,0
1,5,0,0,0,4
1,5,0,0,0,4
1,5,0,0,0,4
1,5,0,4,0,0
1,5,0,4,0,0
1,5,0,0,0,4
1,5,0,4,0,0
1,5,0,4,0,0
1,5,0,0,0,4
1,5,0,0,0,4
1,5,0,4,0,0
1,5,0,4,0,0
1,5,0,0,0,4
1,5,0,0,0,4
1,5,0,0,0,4
1,5,0,4,0,0
1,5,0,0,0,4
1,5,0,4,0,0
1,5,0,0,0,4
1,5,0,4,0,0
1,5,0,4,0,0
1,5,0,0,0,4
1,5,0,0,0,4
1,5,0,0,0,4
1,5,0,0,0,4
1,5,0,4,0,0
1,5,0,0,0,4
1,5,0,0,0,4
1,5,0,4,0,0
1,5,0,4,0,0
1,5,0,0,0,4
1,5,0,0,0,4
1,5,0,4,0,0
1,5,0,0,0,4
1,5,0,0,0,4
1,5,0,0,0,4
1,5,0,0,0,4
1,5,0,4,0,0
1,5,0,4,0,0
1,5,0,4,0,0
1,5,0,0,0,4
1,5,0,0,0,4
1,5,0,4,0,0
1,5,0,0,0,4
1,5,0,4,0,0
1,5,0,0,0,4
1,5,0,0,0,4
1,5,0,0,0,4
1,5,0,4,0,0
1,5,0,4,0,0
1,5,0,4,0,0
1,5,0,4,0,0
1,5,0,4,0,0
1,5,0,4,0,0
1,5,0,4,0,0
1,5,0,4,0,0
1,5,0,0,0,4
1,5,0,4,0,0
1,5,0,4,0,0
1,5,0,4,0,0
1,5,0,4,0,0
1,5,0,4,0,0
1,5,0,0,0,4
1,5,0,4,0,0
1,5,0,0,0,4
1,5,0,4,0,0
1,5,0,4,0,0
1,5,0,4,0,0
1,5,0,4,0,0
1,5,0,4,0,0
1,5,0,0,0,4
1,5,0,0,0,4
1,5,0,0,0,4
1,5,0,4,0,0
1,5,0,4,0,0
1,5,0,0,0,4
1,5,0,4,0,0
1,5,0,4,0,0
1,5,0,0,0,4
1,5,0,4,0,0
1,5,0,0,0,4
1,5,0,0,0,4
1,5,0,4,0,0
1,5,0,4,0,0
1,5,0,4,0,0
1,5,0,0,0,4
1,5,0,0,0,4
1,5,0,0,0,4
1,5,0,0,0,4
1,5,0,4,0,0
1,5,0,4,0,0
1,5,0,0,0,4
1,5,0,4,0,0
1,5,0,0,0,4
1,5,0,0,0,4
1,5,0,0,0,4
1,5,0,4,0,0
1,5,0,4,0,0
1,5,0,0,0,4
1,5,0,0,0,4
1,5,0,0,0,4
1,5,0,0,0,4
1,5,0,0,0,4
1,5,0,4,0,0
1,5,0,0,0,4
1,5,0,0,0,4
1,5,0,0,0,4
1,5,0,4,0,0
1,5,0,4,0,0
1,5,0,4,0,0
1,5,0,4,0,0
1,5,0,0,0,4
1,5,0,4,0,0
1,5,0,4,0,0
1,5,0,0,0,4
1,5,0,4,0,0
1,5,0,0,0,4
1,5,0,0,0,4
1,5,0,4,0,0
1,5,0,0,0,4
1,5,0,4,0,0
1,5,0,0,0,4
1,5,0,0,0,4
1,5,0,4,0,0
1,5,0,4,0,0
1,5,0,0,0,4
1,5,0,0,0,4
1,5,0,0,0,4
1,5,0,4,0,0
1,5,0,0,0,4
1,5,0,0,0,4
1,5,0,4,0,0
1,5,0,0,0,4
1,5,0,0,0,4
1,5,0,0,0,4
1,5,0,4,0,0
1,5,0,0,0,4
1,5,0,0,0,4
1,5,0,0,0,4
1,5,0,0,0,4
1,5,0,4,0,0
1,5,0,4,0,0
1,5,0,0,0,4
1,5,0,4,0,0
1,5,0,0,0,4
1,5,0,0,0,4
1,5,0,0,0,4
1,5,0,4,0,0
1,5,0,4,0,0
1,5,0,0,0,4
1,5,0,0,0,4
1,5,0,4,0,0
1,5,0,0,0,4
1,5,0,0,0,4
1,5,0,0,0,4
1,5,0,0,0,4
1,5,0,0,0,4
1,5,0,0,0,4
1,5,0,4,0,0
1,5,0,4,0,0
1,5,0,4,0,0
1,5,0,4,0,0
1,5,0,4,0,0
1,5,0,4,0,0
1,5,0,0,0,4
1,5,0,4,0,0
1,5,0,4,0,0
1,5,0,4,0,0
1,5,0,4,0,0
1,5,0,4,0,0
1,5,0,0,0,4
1,5,0,4,0,0
1,5,0,4,0,0
1,5,0,0,0,4
1,5,0,0,0,4
1,5,0,4,0,0
1,5,0,0,0,4
1,5,0,0,0,4
1,5,0,4,0,0
1,5,0,4,0,0
1,5,0,4,0,0
1,5,0,4,0,0
1,5,0,0,0,4
1,5,0,0,0,4
1,5,0,0,0,4
1,5,0,0,0,4
1,5,0,0,0,4
1,5,0,0,0,4
1,5,0,0,0,4
1,5,0,0,0,4
1,5,0,0,0,4
1,5,0,0,0,4
1,5,0,4,0,0
1,5,0,0,0,4
1,5,0,0,0,4
1,5,0,0,0,4
1,5,0,0,0,4
1,5,0,0,0,4
1,5,0,4,0,0
1,5,0,4,0,0
1,5,0,0,0,4
1,5,0,0,0,4
1,5,0,0,0,4
1,5,0,0,0,4
1,5,0,0,0,4
1,5,0,4,0,0
1,5,0,0,0,4
1,5,0,0,0,4
1,5,0,0,0,4
1,5,0,0,0,4
1,5,0,4,0,0
1,5,0,4,0,0
1,5,0,4,0,0
1,5,0,0,0,4
1,5,0,4,0,0
1,5,0,4,0,0
1,5,0,0,0,4
1,5,0,0,0,4
1,5,0,0,0,4
1,5,0,4,0,0
1,5,0,0,0,4
1,5,0,0,0,4
1,5,0,4,0,0
1,5,0,4,0,0
1,5,0,0,0,4
1,5,0,4,0,0
1,5,0,0,0,4
1,5,0,0,0,4
1,5,0,4,0,0
1,5,0,0,0,4
1,5,0,0,0,4
1,5,0,4,0,0
1,5,0,0,0,4
1,5,0,0,0,4
1,5,0,4,0,0
1,5,0,4,0,0
1,5,0,0,0,4
1,5,0,4,0,0
1,5,0,4,0,0
1,5,0,4,0,0
1,5,0,4,0,0
1,5,0,4,0,0
1,5,0,0,0,4
1,5,0,4,0,0
1,5,0,4,0,0
1,5,0,0,0,4
1,5,0,0,0,4
1,5,0,0,0,4
1,5,0,0,0,4
1,5,0,0,0,4
1,5,0,0,0,4
1,5,0,4,0,0
1,5,0,4,0,0
1,5,0,4,0,0
1,5,0,4,0,0
1,5,0,4,0,0
1,5,0,4,0,0
1,5,0,0,0,4
1,5,0,0,0,4
1,5,0,0,0,4
1,5,0,0,0,4
1,5,0,0,0,4
1,5,0,4,0,0
1,5,0,4,0,0
1,5,0,4,0,0
1,5,0,4,0,0
1,5,0,0,0,4
1,5,0,4,0,0
1,5,0,4,0,0
1,5,0,0,0,4
1,5,0,0,0,4
1,5,0,4,0,0
1,5,0,0,0,4
1,5,0,4,0,0
1,5,0,0,0,4
1,5,0,4,0,0
1,5,0,0,0,4
1,3,0,0,0,2
1,3,0,0,0,2
1,3,0,0,0,2
1,3,0,2,0,0
1,3,0,0,0,2
1,3,0,2,0,0
1,3,0,2,0,0
1,3,0,0,0,2
1,3,0,0,0,2
1,3,0,0,0,2
1,3,0,2,0,0
1,3,0,2,0,0
1,3,0,0,0,2
1,3,0,0,0,2
1,3,0,0,0,2
1,3,0,0,0,2
1,3,0,2,0,0
1,3,0,0,0,2
1,3,0,0,0,2
1,3,0,0,0,2
1,3,0,0,0,2
1,3,0,0,0,2
1,3,0,0,0,2
1,3,0,0,0,2
1,3,0,2,0,0
1,3,0,2,0,0
1,3,0,0,0,2
1,3,0,0,0,2
1,3,0,0,0,2
1,3,0,0,0,2
1,3,0,0,0,2
1,3,0,0,0,2
1,3,0,0,0,2
1,3,0,0,0,2
1,3,0,0,0,2
1,3,0,0,0,2
1,3,0,0,0,2
1,3,0,2,0,0
1,3,0,0,0,2
1,3,0,2,0,0
1,3,0,0,0,2
1,3,0,0,0,2
1,3,0,0,0,2
1,3,0,2,0,0
1,3,0,2,0,0
1,3,0,0,0,2
1,3,0,0,0,2
1,3,0,0,0,2
1,3,0,0,0,2
1,3,0,0,0,2
1,3,0,0,0,2
1,3,0,0,0,2
1,3,0,0,0,2
1,3,0,2,0,0
1,3,0,0,0,2
1,3,0,0,0,2
1,3,0,0,0,2
1,3,0,0,0,2
1,3,0,0,0,2
1,3,0,0,0,2
1,3,0,0,0,2
1,3,0,0,0,2
1,3,0,0,0,2
1,3,0,2,0,0
1,3,0,2,0,0
1,3,0,0,0,2
1,3,0,0,0,2
1,3,0,0,0,2
1,3,0,0,0,2
1,3,0,0,0,2
1,3,0,2,0,0
1,3,0,0,0,2
1,3,0,0,0,2
1,3,0,0,0,2
1,3,0,0,0,2
1,3,0,0,0,2
1,3,0,0,0,2
1,3,0,0,0,2
1,3,0,0,0,2
1,3,0,0,0,2
1,3,0,0,0,2
1,3,0,2,0,0
1,3,0,0,0,2
1,3,0,0,0,2
1,3,0,0,0,2
1,3,0,0,0,2
1,3,0,0,0,2
1,3,0,2,0,0
1,3,0,2,0,0
1,3,0,0,0,2
1,3,0,0,0,2
1,3,0,2,0,0
1,3,0,0,0,2
1,3,0,2,0,0
1,3,0,0,0,2
1,3,0,2,0,0
1,3,0,0,0,2
1,3,0,0,0,2
1,3,0,0,0,2
1,3,0,2,0,0
1,3,0,0,0,2
1,3,0,0,0,2
1,3,0,2,0,0
1,3,0,2,0,0
1,3,0,2,0,0
1,3,0,0,0,2
1,3,0,2,0,0
1,3,0,0,0,2
1,3,0,0,0,2
1,3,0,0,0,2
1,3,0,2,0,0
1,3,0,2,0,0
1,3,0,0,0,2
1,3,0,0,0,2
1,3,0,0,0,2
1,3,0,0,0,2
1,3,0,2,0,0
1,3,0,0,0,2
1,3,0,2,0,0
1,3,0,0,0,2
1,3,0,0,0,2
1,3,0,2,0,0
1,3,0,0,0,2
1,3,0,0,0,2
1,3,0,0,0,2
1,3,0,2,0,0
1,3,0,0,0,2
1,3,0,0,0,2
1,3,0,0,0,2
1,3,0,0,0,2
1,3,0,0,0,2
1,3,0,0,0,2
1,3,0,0,0,2
1,3,0,0,0,2
1,3,0,0,0,2
1,3,0,2,0,0
1,3,0,2,0,0
1,3,0,0,0,2
1,3,0,0,0,2
1,3,0,2,0,0
1,3,0,0,0,2
1,3,0,2,0,0
1,3,0,0,0,2
1,3,0,0,0,2
1,3,0,0,0,2
1,3,0,0,0,2
1,3,0,0,0,2
1,3,0,0,0,2
1,3,0,0,0,2
1,3,0,0,0,2
1,3,0,0,0,2
1,3,0,0,0,2
1,3,0,2,0,0
1,3,0,0,0,2
1,3,0,2,0,0
1,3,0,0,0,2
1,3,0,0,0,2
1,3,0,0,0,2
1,3,0,0,0,2
1,3,0,0,0,2
20,5,1,3,0,0
20,5,1,1,0,2
20,5,1,3,0,0
20,5,1,2,0,1
20,5,1,0,0,3
20,5,1,1,0,2
20,5,1,3,0,0
20,5,1,3,0,0
20,5,1,3,0,0
20,5,1,3,0,0
20,5,1,0,0,3
20,5,1,3,0,0
20,5,1,0,0,3
20,5,1,1,0,2
20,5,1,0,0,3
20,5,1,1,0,2
20,3,1,0,0,1
20,3,1,0,0,1
20,3,1,0,0,1
20,3,1,0,0,1
20,3,1,1,0,0
20,3,1,1,0,0
20,3,1,1,0,0
20,3,1,0,0,1
20,3,1,0,0,1
20,3,1,0,0,1
20,3,1,1,0,0
20,3,1,0,0,1
20,3,1,1,0,0
20,3,1,0,0,1
20,3,1,0,0,1
20,3,1,0,0,1
20,3,1,0,0,1
20,3,1,1,0,0
20,3,1,0,0,1
20,3,1,1,0,0
20,3,1,1,0,0
20,3,1,0,0,1
20,3,1,0,0,1
20,3,1,1,0,0
20,3,1,1,0,0
20,3,1,0,0,1
20,3,1,1,0,0
20,3,1,0,0,1
20,3,1,0,0,1
20,3,1,0,0,1
20,3,1,1,0,0
20,3,1,0,0,1
20,3,1,1,0,0
20,3,1,0,0,1
20,3,1,0,0,1
20,3,1,0,0,1
20,3,1,1,0,0
20,3,1,0,0,1
20,3,1,1,0,0
20,3,1,0,0,1
20,3,1,0,0,1
20,3,1,0,0,1
20,3,1,0,0,1
20,3,1,1,0,0
20,3,1,0,0,1
20,3,1,0,0,1
20,3,1,0,0,1
20,3,1,1,0,0
20,3,1,0,0,1
20,3,1,1,0,0
20,3,1,0,0,1
20,3,1,0,0,1
20,3,1,0,0,1
20,3,1,0,0,1
20,3,1,1,0,0
20,3,1,0,0,1
20,3,1,0,0,1
20,3,1,0,0,1
20,3,1,0,0,1
20,3,1,0,0,1
20,3,1,0,0,1
20,3,1,0,0,1
20,3,1,0,0,1
20,3,1,0,0,1
20,3,1,1,0,0
20,3,1,0,0,1
20,3,1,0,0,1
20,3,1,1,0,0
20,3,1,0,0,1
20,3,1,0,0,1
20,3,1,0,0,1
20,3,1,0,0,1
20,3,1,0,0,1
20,3,1,0,0,1
20,3,1,0,0,1
20,3,1,0,0,1
20,3,1,1,0,0
20,3,1,1,0,0
20,3,1,0,0,1
20,3,1,1,0,0
20,3,1,0,0,1
20,3,1,0,0,1
20,3,1,0,0,1
20,3,1,0,0,1
20,3,1,0,0,1
20,3,1,0,0,1
20,3,1,0,0,1
20,3,1,0,0,1
20,3,1,0,0,1
20,3,1,0,0,1
20,3,1,0,0,1
20,3,1,0,0,1
20,3,1,0,0,1
20,3,1,0,0,1
20,3,1,0,0,1
20,3,1,0,0,1
20,3,1,0,0,1
20,3,1,0,0,1
20,3,1,1,0,0
20,3,1,0,0,1
20,3,1,0,0,1
20,3,1,1,0,0
20,3,1,1,0,0
20,3,1,0,0,1
20,3,1,0,0,1
20,3,1,0,0,1
20,3,1,1,0,0
20,3,1,0,0,1
20,3,1,0,0,1
20,3,1,0,0,1
20,3,1,1,0,0
20,3,1,0,0,1
20,3,1,1,0,0
20,3,1,0,0,1
20,3,1,0,0,1
20,3,1,0,0,1
20,3,1,0,0,1
20,3,1,0,0,1
20,3,1,0,0,1
20,3,1,1,0,0
20,3,1,1,0,0
20,3,1,0,0,1
20,3,1,0,0,1
20,3,1,1,0,0
20,3,1,0,0,1
20,3,1,1,0,0
20,3,1,0,0,1
20,3,1,0,0,1
20,3,1,1,0,0
20,3,1,0,0,1
20,3,1,0,0,1
20,3,1,0,0,1
20,3,1,1,0,0
20,3,1,0,0,1
20,3,1,1,0,0
20,3,1,0,0,1
20,3,1,0,0,1
20,3,1,0,0,1
20,3,1,1,0,0
20,3,1,0,0,1
20,3,1,0,0,1
20,3,1,0,0,1
20,3,1,0,0,1
20,3,1,0,0,1
20,3,1,0,0,1
20,3,1,1,0,0
20,3,1,0,0,1
20,3,1,0,0,1
20,3,1,0,0,1
20,3,1,0,0,1
20,3,1,0,0,1
20,3,1,0,0,1
20,3,1,0,0,1
20,3,1,0,0,1
20,3,1,1,0,0
20,3,1,0,0,1
20,3,1,0,0,1
20,3,1,1,0,0
20,3,1,0,0,1
20,3,1,1,0,0
20,3,1,0,0,1
20,3,1,0,0,1
20,3,1,0,0,1
20,3,1,0,0,1
20,3,1,0,0,1
20,3,1,0,0,1
20,3,1,0,0,1
20,3,1,0,0,1
20,3,1,1,0,0
20,3,1,0,0,1
20,3,1,0,0,1
20,3,1,0,0,1
20,3,1,0,0,1
20,3,1,0,0,1
20,3,1,0,0,1
20,3,1,0,0,1
20,3,1,0,0,1
20,3,1,0,0,1
20,3,1,0,0,1
20,3,1,1,0,0
20,3,1,0,0,1
20,3,1,0,0,1
20,3,1,0,0,1
20,3,1,0,0,1
20,3,1,0,0,1
20,3,1,0,0,1
20,3,1,0,0,1
20,3,1,0,0,1
20,3,1,0,0,1
20,3,1,0,0,1
20,3,1,0,0,1
20,3,1,0,0,1
20,3,1,0,0,1
20,3,1,1,0,0
20,3,1,1,0,0
20,3,1,0,0,1
20,3,1,0,0,1
20,3,1,0,0,1
20,3,1,0,0,1
20,3,1,0,0,1
20,3,1,0,0,1
20,3,1,1,0,0
20,3,1,1,0,0
20,3,1,1,0,0
20,3,1,0,0,1
20,3,1,0,0,1
20,3,1,0,0,1
20,3,1,0,0,1
20,3,1,0,0,1
20,3,1,0,0,1
20,3,1,0,0,1
20,3,1,0,0,1
20,3,1,1,0,0
20,3,1,0,0,1
20,3,1,1,0,0
20,3,1,1,0,0
20,3,1,0,0,1
20,3,1,1,0,0
20,3,1,0,0,1
20,3,1,0,0,1
20,3,1,0,0,1
20,3,1,0,0,1
20,3,1,0,0,1
20,3,1,0,0,1
20,3,1,1,0,0
20,3,1,0,0,1
20,3,1,0,0,1
20,3,1,1,0,0
20,3,1,0,0,1
20,3,1,0,0,1
20,3,1,0,0,1
20,3,1,0,0,1
20,3,1,1,0,0
20,3,1,0,0,1
20,3,1,1,0,0
20,3,1,0,0,1
20,3,1,0,0,1
20,3,1,1,0,0
20,3,1,0,0,1
20,3,1,0,0,1
20,3,1,1,0,0
20,3,1,1,0,0
20,3,1,0,0,1
20,3,1,0,0,1
20,3,1,0,0,1
20,3,1,0,0,1
20,3,1,0,0,1
20,3,1,0,0,1
20,3,1,0,0,1
20,3,1,0,0,1
20,3,1,1,0,0
20,3,1,0,0,1
20,3,1,0,0,1
20,3,1,0,0,1
20,3,1,0,0,1
20,3,1,0,0,1
20,3,1,1,0,0
20,3,1,1,0,0
20,3,1,0,0,1
20,3,1,0,0,1
20,3,1,1,0,0
20,3,1,0,0,1
20,3,1,0,0,1
20,3,1,1,0,0
20,3,1,1,0,0
20,3,1,1,0,0
20,3,1,0,0,1
20,3,1,0,0,1
20,3,1,0,0,1
20,3,1,1,0,0
20,3,1,0,0,1
20,3,1,1,0,0
20,3,1,0,0,1
20,3,1,0,0,1
20,3,1,0,0,1
20,3,1,0,0,1
20,3,1,1,0,0
20,3,1,0,0,1
20,3,1,0,0,1
20,3,1,0,0,1
20,3,1,1,0,0
20,3,1,1,0,0
20,3,1,1,0,0
20,3,1,1,0,0
20,3,1,0,0,1
20,3,1,1,0,0
20,3,1,1,0,0
20,3,1,0,0,1
20,3,1,1,0,0
20,3,1,0,0,1
20,3,1,0,0,1
20,3,1,1,0,0
20,3,1,0,0,1
20,3,1,0,0,1
20,3,1,0,0,1
20,3,1,0,0,1
20,3,1,0,0,1
20,3,1,0,0,1
20,3,1,1,0,0
20,3,1,0,0,1
20,3,1,0,0,1
20,3,1,0,0,1
20,3,1,1,0,0
20,3,1,0,0,1
1,3,0,0,0,2
1,3,0,0,0,2
1,3,0,0,0,2
1,3,0,0,0,2
1,3,0,0,0,2
1,3,0,0,0,2
20,3,1,0,0,1
1,3,0,0,0,2
20,3,1,0,0,1
20,3,1,0,0,1
1,3,0,0,0,2
1,3,0,0,0,2
1,3,0,0,0,2
1,3,0,0,0,2
20,3,1,0,0,1
1,3,0,0,0,2
1,3,0,0,0,2
1,3,0,0,0,2
1,3,0,2,0,0
1,3,0,0,0,2
1,3,0,2,0,0
1,3,0,0,0,2
1,3,0,2,0,0
1,3,0,0,0,2
1,3,0,0,0,2
1,3,0,0,0,2
1,3,0,0,0,2
1,3,0,0,0,2
1,3,0,0,0,2
1,3,0,0,0,2
1,3,0,0,0,2
1,3,0,0,0,2
1,3,0,0,0,2
1,3,0,0,0,2
1,3,0,0,0,2
1,3,0,0,0,2
1,3,0,0,0,2
1,3,0,0,0,2
1,3,0,0,0,2
1,3,0,0,0,2
1,3,0,0,0,2
1,3,0,0,0,2
1,3,0,0,0,2
1,3,0,0,0,2
1,3,0,0,0,2
1,3,0,0,0,2
1,3,0,0,0,2
1,3,0,0,0,2
1,3,0,0,0,2
1,3,0,0,0,2
1,3,0,0,0,2
1,3,0,2,0,0
1,3,0,0,0,2
1,3,0,0,0,2
1,3,0,0,0,2
1,3,0,0,0,2
1,3,0,0,0,2
1,3,0,0,0,2
1,3,0,0,0,2
1,3,0,0,0,2
1,3,0,0,0,2
1,3,0,0,0,2
1,3,0,2,0,0
1,3,0,0,0,2
1,3,0,0,0,2
1,3,0,0,0,2
1,3,0,0,0,2
1,3,0,0,0,2
1,3,0,0,0,2
1,3,0,0,0,2
1,3,0,0,0,2
1,3,0,0,0,2
1,3,0,0,0,2
1,3,0,0,0,2
1,3,0,0,0,2
1,3,0,0,0,2
1,3,0,0,0,2
1,3,0,0,0,2
1,3,0,2,0,0
1,3,0,0,0,2
1,3,0,0,0,2
1,3,0,0,0,2
1,3,0,0,0,2
1,3,0,0,0,2
1,3,0,0,0,2
1,3,0,0,0,2
1,3,0,0,0,2
1,3,0,0,0,2
1,3,0,0,0,2
1,3,0,0,0,2
1,3,0,0,0,2
1,3,0,0,0,2
1,3,0,0,0,2
1,3,0,0,0,2
1,3,0,0,0,2
1,3,0,0,0,2
1,3,0,0,0,2
1,3,0,0,0,2
1,3,0,0,0,2
1,3,0,0,0,2
1,3,0,0,0,2
1,3,0,0,0,2
1,3,0,0,0,2
1,3,0,0,0,2
1,3,0,0,0,2
1,3,0,0,0,2
1,3,0,0,0,2
1,3,0,0,0,2
1,3,0,0,0,2
1,3,0,0,0,2
1,3,0,0,0,2
1,3,0,0,0,2
1,3,0,0,0,2
1,3,0,0,0,2
1,3,0,0,0,2
1,3,0,0,0,2
1,3,0,0,0,2
1,3,0,0,0,2
1,3,0,0,0,2
1,3,0,0,0,2
1,3,0,0,0,2
1,3,0,0,0,2
1,3,0,0,0,2
1,3,0,2,0,0
1,3,0,0,0,2
1,3,0,0,0,2
1,3,0,0,0,2
1,3,0,0,0,2
1,3,0,0,0,2
1,3,0,0,0,2
1,3,0,0,0,2
1,3,0,0,0,2
1,3,0,0,0,2
1,3,0,0,0,2
1,3,0,0,0,2
1,3,0,0,0,2
1,3,0,0,0,2
1,3,0,0,0,2
1,3,0,0,0,2
1,3,0,0,0,2
1,3,0,0,0,2
1,3,0,0,0,2
1,3,0,0,0,2
1,3,0,0,0,2
1,3,0,0,0,2
1,3,0,2,0,0
1,3,0,0,0,2
1,3,0,0,0,2
1,3,0,0,0,2
1,3,0,0,0,2
1,3,0,0,0,2
1,3,0,0,0,2
1,3,0,0,0,2
1,3,0,0,0,2
1,3,0,0,0,2
1,3,0,0,0,2
1,3,0,0,0,2
1,3,0,0,0,2
1,3,0,0,0,2
1,3,0,2,0,0
1,5,2,0,0,2
1,5,2,2,0,0
1,5,2,1,0,1
1,5,2,0,0,2
1,5,2,2,0,0
1,5,2,2,0,0
1,5,2,2,0,0
1,5,2,2,0,0
1,5,2,2,0,0
1,5,2,2,0,0
1,5,2,2,0,0
1,5,2,2,0,0
1,5,2,2,0,0
1,5,2,1,0,1
1,5,2,2,0,0
1,5,2,2,0,0
1,5,0,0,0,4
1,5,0,4,0,0
1,5,0,0,0,4
1,5,0,0,0,4
1,5,0,0,0,4
1,5,0,0,0,4
1,5,0,0,0,4
1,5,0,0,0,4
1,5,0,0,0,4
1,5,0,0,0,4
1,5,0,0,0,4
1,5,0,4,0,0
1,5,0,0,0,4
1,5,0,0,0,4
1,5,0,0,0,4
1,5,0,0,0,4
1,5,0,0,0,4
1,5,0,4,0,0
1,5,0,0,0,4
1,5,0,0,0,4
1,5,0,0,0,4
1,5,0,4,0,0
1,5,0,0,0,4
1,5,0,4,0,0
1,5,0,0,0,4
1,5,0,0,0,4
1,5,0,0,0,4
1,5,0,0,0,4
1,5,0,0,0,4
1,5,0,4,0,0
1,5,0,0,0,4
1,5,0,0,0,4
1,5,0,4,0,0
1,5,0,0,0,4
1,5,0,0,0,4
1,5,0,0,0,4
1,5,0,0,0,4
1,5,0,0,0,4
1,5,0,4,0,0
1,5,0,0,0,4
1,5,0,4,0,0
1,5,0,0,0,4
1,5,0,4,0,0
1,5,0,0,0,4
1,5,0,0,0,4
1,5,0,0,0,4
1,5,0,0,0,4
1,5,0,0,0,4
1,5,0,4,0,0
1,5,0,4,0,0
1,5,0,4,0,0
1,5,0,4,0,0
1,5,0,0,0,4
1,5,0,0,0,4
1,5,0,0,0,4
1,5,0,0,0,4
1,5,0,4,0,0
1,5,0,4,0,0
1,5,0,4,0,0
1,5,0,0,0,4
1,5,0,0,0,4
1,5,0,0,0,4
1,5,0,0,0,4
1,5,0,0,0,4
1,5,0,0,0,4
1,5,0,0,0,4
1,5,0,0,0,4
1,5,0,4,0,0
1,5,0,0,0,4
1,5,0,0,0,4
1,5,0,0,0,4
1,5,0,0,0,4
1,5,0,0,0,4
1,5,0,4,0,0
1,5,0,4,0,0
1,5,0,4,0,0
1,5,0,0,0,4
1,5,0,0,0,4
1,5,0,0,0,4
1,5,0,4,0,0
1,5,0,4,0,0
1,5,0,0,0,4
1,5,0,0,0,4
1,5,0,4,0,0
1,5,0,0,0,4
1,5,0,0,0,4
1,5,0,0,0,4
1,5,0,0,0,4
1,5,0,4,0,0
1,5,0,0,0,4
1,5,0,0,0,4
1,5,0,0,0,4
1,5,0,0,0,4
1,5,0,4,0,0
1,5,0,4,0,0
1,5,0,4,0,0
1,5,0,4,0,0
1,5,0,0,0,4
1,5,0,4,0,0
1,5,0,4,0,0
1,5,0,4,0,0
1,5,0,0,0,4
1,5,0,4,0,0
1,5,0,4,0,0
1,5,0,0,0,4
1,5,0,0,0,4
1,5,0,0,0,4
1,5,0,4,0,0
1,5,0,0,0,4
1,5,0,4,0,0
1,5,0,0,0,4
1,5,0,0,0,4
1,5,0,0,0,4
1,5,0,0,0,4
1,5,0,4,0,0
1,5,0,4,0,0
1,5,0,0,0,4
1,5,0,0,0,4
1,5,0,4,0,0
1,5,0,0,0,4
1,5,0,0,0,4
1,5,0,0,0,4
1,5,0,0,0,4
1,5,0,0,0,4
1,5,0,4,0,0
1,5,0,4,0,0
1,5,0,4,0,0
1,5,0,0,0,4
1,5,0,4,0,0
1,5,0,4,0,0
1,5,0,0,0,4
1,5,0,4,0,0
1,5,0,0,0,4
1,5,0,0,0,4
1,5,0,0,0,4
1,5,0,0,0,4
1,5,0,4,0,0
1,5,0,0,0,4
1,5,0,0,0,4
1,5,0,4,0,0
1,5,0,0,0,4
1,5,0,4,0,0
1,5,0,0,0,4
1,5,0,0,0,4
1,5,0,0,0,4
1,5,0,0,0,4
1,5,0,4,0,0
1,5,0,0,0,4
1,5,0,4,0,0
1,5,0,0,0,4
1,5,0,0,0,4
1,5,0,4,0,0
1,5,0,0,0,4
1,5,0,0,0,4
1,5,0,4,0,0
1,5,0,0,0,4
1,5,0,4,0,0
1,5,0,0,0,4
1,5,0,4,0,0
1,5,0,0,0,4
1,5,0,0,0,4
1,5,0,4,0,0
1,5,0,4,0,0
1,5,0,4,0,0
1,5,0,0,0,4
1,5,0,4,0,0
1,5,0,4,0,0
1,5,0,4,0,0
1,5,0,0,0,4
1,5,0,0,0,4
1,5,0,4,0,0
1,5,0,4,0,0
1,5,0,4,0,0
1,5,0,0,0,4
1,5,0,0,0,4
1,5,0,4,0,0
1,5,0,0,0,4
1,5,0,4,0,0
1,5,0,0,0,4
1,5,0,0,0,4
1,5,0,0,0,4
1,5,0,4,0,0
1,5,0,4,0,0
1,5,0,4,0,0
1,5,0,0,0,4
1,5,0,0,0,4
1,5,0,0,0,4
1,5,0,4,0,0
1,5,0,4,0,0
1,5,0,0,0,4
1,5,0,0,0,4
1,5,0,4,0,0
1,5,0,0,0,4
1,5,0,0,0,4
1,5,0,0,0,4
1,5,0,0,0,4
1,5,0,4,0,0
1,5,0,4,0,0
1,5,0,0,0,4
1,5,0,4,0,0
1,5,0,0,0,4
1,5,0,0,0,4
1,5,0,0,0,4
1,5,0,0,0,4
1,5,0,4,0,0
1,5,0,4,0,0
1,5,0,4,0,0
1,5,0,0,0,4
1,5,0,0,0,4
1,5,0,0,0,4
1,5,0,0,0,4
1,5,0,4,0,0
1,5,0,0,0,4
1,5,0,0,0,4
1,5,0,0,0,4
1,5,0,0,0,4
1,5,0,0,0,4
1,5,0,4,0,0
1,5,0,0,0,4
1,5,0,0,0,4
1,5,0,0,0,4
1,5,0,4,0,0
1,5,0,0,0,4
1,5,0,0,0,4
1,5,0,0,0,4
1,5,0,4,0,0
1,5,0,0,0,4
1,5,0,0,0,4
1,5,0,0,0,4
1,5,0,0,0,4
1,5,0,4,0,0
1,5,0,0,0,4
1,5,0,4,0,0
1,5,0,0,0,4
1,5,0,0,0,4
1,5,0,0,0,4
1,5,0,4,0,0
1,5,0,4,0,0
1,5,0,0,0,4
1,5,0,0,0,4
1,5,0,0,0,4
1,5,0,4,0,0
1,5,0,4,0,0
1,5,0,0,0,4
1,5,0,0,0,4
1,5,0,0,0,4
1,5,0,0,0,4
1,5,0,0,0,4
1,5,0,0,0,4
1,5,0,4,0,0
1,5,0,0,0,4
1,5,0,4,0,0
1,5,0,4,0,0
1,5,0,0,0,4
1,5,0,0,0,4
1,5,0,4,0,0
1,5,0,0,0,4
1,5,0,4,0,0
1,5,0,0,0,4
1,5,0,0,0,4
1,5,0,0,0,4
1,5,0,0,0,4
1,5,0,0,0,4
1,5,0,4,0,0
1,5,0,0,0,4
1,5,0,0,0,4
1,5,0,0,0,4
1,5,0,0,0,4
1,5,0,0,0,4
1,5,0,0,0,4
1,5,0,0,0,4
1,5,0,0,0,4
1,5,0,4,0,0
1,5,0,0,0,4
1,5,0,0,0,4
1,5,0,0,0,4
1,5,0,0,0,4
1,5,0,4,0,0
1,5,0,0,0,4
1,5,0,0,0,4
1,5,0,4,0,0
1,5,0,4,0,0
1,5,0,0,0,4
1,5,0,0,0,4
1,5,0,4,0,0
1,5,0,0,0,4
1,5,0,0,0,4
1,5,0,4,0,0
1,5,0,0,0,4
1,5,0,0,0,4
1,5,0,0,0,4
1,5,0,0,0,4
1,5,0,0,0,4
1,5,0,4,0,0
1,5,0,4,0,0
1,5,0,0,0,4
1,5,0,4,0,0
1,5,0,4,0,0
1,5,0,0,0,4
1,5,0,0,0,4
1,5,0,4,0,0
1,5,0,0,0,4
1,5,0,0,0,4
1,5,0,0,0,4
10,3,0,0,0,2
10,3,0,0,0,2
10,3,0,0,0,2
10,3,0,0,0,2
10,3,0,0,0,2
10,3,0,1,0,1
10,3,0,0,0,2
10,3,0,0,0,2
10,3,0,0,0,2
10,3,0,0,0,2
10,3,0,2,0,0
10,3,0,0,0,2
10,3,0,1,0,1
10,3,0,0,0,2
10,3,0,1,0,1
10,3,0,2,0,0
10,3,0,0,0,2
10,3,0,0,0,2
10,3,0,0,0,2
10,3,0,2,0,0
10,3,0,0,0,2
10,3,0,0,0,2
10,3,0,2,0,0
10,3,0,2,0,0
10,3,0,1,0,1
10,3,0,0,0,2
10,3,0,0,0,2
10,3,0,1,0,1
10,3,0,0,0,2
10,3,0,0,0,2
10,3,0,2,0,0
10,3,0,1,0,1
10,3,0,1,0,1
10,3,0,0,0,2
10,3,0,2,0,0
10,3,0,1,0,1
10,3,0,0,0,2
10,3,0,2,0,0
10,3,0,0,0,2
10,3,0,0,0,2
10,3,0,2,0,0
10,3,0,0,0,2
10,3,0,1,0,1
10,3,0,1,0,1
10,3,0,0,0,2
10,3,0,0,0,2
10,3,0,1,0,1
10,3,0,0,0,2
10,3,0,2,0,0
10,3,0,1,0,1
10,3,0,0,0,2
10,3,0,0,0,2
10,3,0,1,0,1
10,3,0,0,0,2
10,3,0,2,0,0
10,3,0,2,0,0
10,3,0,2,0,0
10,3,0,1,0,1
10,3,0,0,0,2
10,3,0,0,0,2
10,3,0,1,0,1
10,3,0,0,0,2
10,3,0,0,0,2
10,3,0,1,0,1
10,3,0,2,0,0
10,3,0,2,0,0
10,3,0,0,0,2
10,3,0,0,0,2
10,3,0,0,0,2
10,3,0,1,0,1
10,3,0,0,0,2
10,3,0,0,0,2
10,3,0,0,0,2
10,3,0,1,0,1
10,3,0,0,0,2
10,3,0,0,0,2
10,3,0,0,0,2
10,3,0,2,0,0
10,3,0,0,0,2
10,3,0,0,0,2
10,3,0,1,0,1
10,3,0,1,0,1
10,3,0,0,0,2
10,3,0,1,0,1
10,3,0,0,0,2
10,3,0,1,0,1
10,3,0,0,0,2
10,3,0,0,0,2
10,3,0,1,0,1
10,3,0,0,0,2
10,3,0,0,0,2
10,3,0,0,0,2
10,3,0,1,0,1
10,3,0,0,0,2
10,3,0,0,0,2
10,3,0,1,0,1
10,3,0,0,0,2
10,3,0,1,0,1
10,3,0,0,0,2
10,3,0,0,0,2
10,3,0,0,0,2
10,3,0,0,0,2
10,3,0,0,0,2
10,3,0,1,0,1
10,3,0,2,0,0
10,3,0,0,0,2
10,3,0,2,0,0
10,3,0,0,0,2
10,3,0,2,0,0
10,3,0,2,0,0
10,3,0,0,0,2
10,3,0,2,0,0
10,3,0,1,0,1
10,3,0,1,0,1
10,3,0,0,0,2
10,3,0,1,0,1
10,3,0,1,0,1
10,3,0,0,0,2
10,3,0,0,0,2
10,3,0,1,0,1
10,3,0,0,0,2
10,3,0,1,0,1
10,3,0,0,0,2
10,3,0,1,0,1
10,3,0,0,0,2
10,3,0,0,0,2
10,3,0,0,0,2
10,3,0,0,0,2
10,3,0,2,0,0
10,3,0,0,0,2
10,3,0,0,0,2
10,3,0,1,0,1
10,3,0,0,0,2
10,3,0,0,0,2
10,3,0,2,0,0
10,3,0,0,0,2
10,3,0,0,0,2
10,3,0,2,0,0
10,3,0,0,0,2
10,3,0,0,0,2
10,3,0,2,0,0
10,3,0,2,0,0
10,3,0,0,0,2
10,3,0,2,0,0
10,3,0,1,0,1
10,3,0,0,0,2
10,3,0,1,0,1
10,3,0,2,0,0
10,3,0,1,0,1
10,3,0,0,0,2
10,3,0,0,0,2
10,3,0,1,0,1
10,3,0,0,0,2
10,3,0,0,0,2
10,3,0,0,0,2
10,3,0,2,0,0
10,3,0,0,0,2
10,3,0,2,0,0
10,3,0,0,0,2
10,3,0,2,0,0
10,5,2,0,0,2
10,5,2,1,0,1
10,5,2,0,0,2
10,5,2,0,0,2
10,5,2,1,0,1
10,5,2,1,0,1
10,5,2,1,0,1
10,5,2,1,0,1
10,5,2,0,0,2
10,5,2,2,0,0
10,5,2,1,0,1
10,5,2,2,0,0
10,5,2,1,0,1
10,5,2,1,0,1
10,5,2,1,0,1
10,5,2,2,0,0
10,5,2,0,0,2
10,5,2,0,0,2
10,5,2,0,0,2
10,5,2,1,0,1
10,5,2,0,0,2
10,5,2,1,0,1
10,5,2,0,0,2
10,5,2,2,0,0
10,5,2,1,0,1
10,5,2,1,0,1
10,5,2,1,0,1
10,5,2,1,0,1
10,5,2,0,0,2
10,5,2,2,0,0
10,5,2,2,0,0
10,5,2,0,0,2
10,5,0,3,0,1
10,5,0,0,0,4
10,5,0,2,0,2
10,5,0,3,0,1
10,5,0,4,0,0
10,5,0,3,0,1
10,5,0,1,0,3
10,5,0,4,0,0
10,5,0,4,0,0
10,5,0,4,0,0
10,5,0,0,0,4
10,5,0,2,0,2
10,5,0,4,0,0
10,5,0,4,0,0
10,5,0,1,0,3
10,5,0,3,0,1
10,5,0,2,0,2
10,5,0,3,0,1
10,5,0,4,0,0
10,5,0,4,0,0
10,5,0,0,0,4
10,5,0,1,0,3
10,5,0,2,0,2
10,5,0,2,0,2
10,5,0,1,0,3
10,5,0,2,0,2
10,5,0,2,0,2
10,5,0,2,0,2
10,5,0,1,0,3
10,5,0,4,0,0
10,5,0,2,0,2
10,5,0,2,0,2
10,5,0,4,0,0
10,5,0,0,0,4
10,5,0,3,0,1
10,5,0,3,0,1
10,5,0,0,0,4
10,5,0,4,0,0
10,5,0,4,0,0
10,5,0,2,0,2
10,5,0,1,0,3
10,5,0,4,0,0
10,5,0,1,0,3
10,5,0,1,0,3
10,5,0,4,0,0
10,5,0,2,0,2
10,5,0,4,0,0
10,5,0,4,0,0
10,5,0,4,0,0
10,5,0,4,0,0
10,5,0,4,0,0
10,5,0,4,0,0
10,5,0,4,0,0
10,5,0,4,0,0
10,5,0,1,0,3
10,5,0,0,0,4
10,5,0,4,0,0
10,5,0,3,0,1
10,5,0,4,0,0
10,5,0,1,0,3
10,5,0,1,0,3
10,5,0,4,0,0
10,5,0,4,0,0
10,5,0,4,0,0
10,5,0,1,0,3
10,5,0,2,0,2
10,5,0,2,0,2
10,5,0,0,0,4
10,5,0,2,0,2
10,5,0,2,0,2
10,5,0,2,0,2
10,5,0,4,0,0
10,5,0,4,0,0
10,5,0,1,0,3
10,5,0,0,0,4
10,5,0,2,0,2
10,5,0,1,0,3
10,5,0,3,0,1
10,5,0,2,0,2
10,5,0,3,0,1
10,5,0,3,0,1
10,5,0,0,0,4
10,5,0,3,0,1
10,5,0,4,0,0
10,5,0,3,0,1
10,5,0,3,0,1
10,5,0,3,0,1
10,5,0,4,0,0
10,5,0,2,0,2
10,5,0,1,0,3
10,5,0,4,0,0
10,5,0,2,0,2
10,5,0,2,0,2
10,5,0,2,0,2
10,5,0,4,0,0
10,5,0,3,0,1
10,5,0,2,0,2
10,5,0,3,0,1
10,5,0,2,0,2
10,5,0,0,0,4
10,5,0,4,0,0
10,5,0,4,0,0
10,5,0,1,0,3
10,5,0,4,0,0
10,5,0,2,0,2
10,5,0,3,0,1
10,5,0,1,0,3
10,5,0,2,0,2
10,5,0,4,0,0
10,5,0,2,0,2
10,5,0,4,0,0
10,5,0,2,0,2
10,5,0,1,0,3
10,5,0,0,0,4
10,5,0,3,0,1
10,5,0,0,0,4
10,5,0,3,0,1
10,5,0,4,0,0
10,5,0,4,0,0
10,5,0,1,0,3
10,5,0,3,0,1
10,5,0,3,0,1
10,5,0,2,0,2
10,5,0,3,0,1
10,5,0,4,0,0
10,5,0,0,0,4
10,5,0,4,0,0
10,5,0,4,0,0
10,5,0,2,0,2
10,5,0,1,0,3
10,5,0,2,0,2
10,5,0,3,0,1
10,5,0,2,0,2
10,5,0,2,0,2
10,5,0,4,0,0
10,5,0,1,0,3
10,5,0,2,0,2
10,5,0,0,0,4
10,5,0,1,0,3
10,5,0,1,0,3
10,5,0,0,0,4
10,5,0,2,0,2
10,5,0,0,0,4
10,5,0,4,0,0
10,5,0,0,0,4
10,5,0,0,0,4
10,5,0,4,0,0
10,5,0,3,0,1
10,5,0,4,0,0
10,5,0,3,0,1
10,5,0,0,0,4
10,5,0,0,0,4
10,5,0,0,0,4
10,5,0,0,0,4
10,5,0,4,0,0
10,5,0,4,0,0
10,5,0,4,0,0
10,5,0,4,0,0
10,5,0,2,0,2
10,5,0,0,0,4
10,5,0,4,0,0
10,5,0,1,0,3
10,5,0,4,0,0
10,5,0,4,0,0
10,5,0,4,0,0
10,5,0,3,0,1
10,5,0,3,0,1
10,5,0,1,0,3
10,5,0,1,0,3
10,5,0,2,0,2
10,5,0,4,0,0
10,5,0,1,0,3
10,5,0,1,0,3
10,5,0,0,0,4
10,5,0,0,0,4
10,5,0,0,0,4
10,5,0,3,0,1
10,5,0,1,0,3
10,5,0,0,0,4
10,5,0,4,0,0
10,5,0,4,0,0
10,5,0,3,0,1
10,5,0,3,0,1
10,5,0,4,0,0
10,5,0,0,0,4
10,5,0,3,0,1
10,5,0,4,0,0
10,5,0,4,0,0
10,5,0,4,0,0
10,5,0,2,0,2
10,5,0,0,0,4
10,5,0,0,0,4
10,5,0,4,0,0
10,5,0,0,0,4
10,5,0,1,0,3
10,5,0,4,0,0
10,5,0,3,0,1
10,5,0,1,0,3
10,5,0,1,0,3
10,5,0,4,0,0
10,5,0,3,0,1
10,5,0,0,0,4
10,5,0,4,0,0
10,5,0,1,0,3
10,5,0,0,0,4
10,5,0,0,0,4
10,5,0,4,0,0
10,5,0,3,0,1
10,5,0,3,0,1
10,5,0,4,0,0
10,5,0,0,0,4
10,5,0,4,0,0
10,5,0,1,0,3
10,5,0,3,0,1
10,5,0,2,0,2
10,5,0,0,0,4
10,5,0,0,0,4
10,5,0,1,0,3
10,5,0,4,0,0
10,5,0,4,0,0
10,5,0,4,0,0
10,5,0,4,0,0
10,5,0,3,0,1
10,5,0,4,0,0
10,5,0,4,0,0
10,5,0,4,0,0
10,5,0,4,0,0
10,5,0,3,0,1
10,5,0,4,0,0
10,5,0,2,0,2
10,5,0,2,0,2
10,5,0,2,0,2
10,5,0,4,0,0
10,5,0,3,0,1
10,5,0,3,0,1
10,5,0,3,0,1
10,5,0,0,0,4
10,5,0,2,0,2
10,5,0,0,0,4
10,5,0,0,0,4
10,5,0,2,0,2
10,5,0,3,0,1
10,5,0,4,0,0
10,5,0,0,0,4
10,5,0,3,0,1
10,5,0,4,0,0
10,5,0,4,0,0
10,5,0,0,0,4
10,5,0,1,0,3
10,5,0,3,0,1
10,5,0,3,0,1
10,5,0,0,0,4
10,5,0,0,0,4
10,5,0,3,0,1
10,5,0,2,0,2
10,5,0,2,0,2
10,5,0,1,0,3
10,5,0,1,0,3
10,5,0,3,0,1
10,5,0,4,0,0
10,5,0,4,0,0
10,5,0,3,0,1
10,5,0,0,0,4
10,5,0,4,0,0
10,5,0,4,0,0
10,5,0,2,0,2
10,5,0,4,0,0
10,5,0,2,0,2
10,5,0,3,0,1
10,5,0,3,0,1
10,5,0,1,0,3
10,5,0,4,0,0
10,5,0,2,0,2
10,5,0,2,0,2
10,5,0,0,0,4
10,5,0,2,0,2
10,5,0,4,0,0
10,5,0,0,0,4
10,5,0,4,0,0
10,5,0,2,0,2
10,5,0,4,0,0
10,5,0,1,0,3
10,5,0,4,0,0
10,5,0,0,0,4
10,5,0,4,0,0
10,5,0,1,0,3
10,5,0,4,0,0
10,5,0,4,0,0
10,5,0,4,0,0
10,5,0,0,0,4
10,5,0,3,0,1
10,5,0,4,0,0
10,5,0,4,0,0
10,5,0,4,0,0
10,5,0,1,0,3
10,5,0,4,0,0
10,5,0,0,0,4
10,5,0,4,0,0
10,5,0,1,0,3
10,5,0,1,0,3
10,5,0,0,0,4
10,5,0,4,0,0
10,5,0,3,0,1
10,5,0,2,0,2
10,3,0,0,0,2
10,3,0,0,0,2
10,3,0,1,0,1
10,3,0,1,0,1
10,3,0,0,0,2
10,3,0,0,0,2
10,3,0,0,0,2
10,3,0,1,0,1
10,3,0,0,0,2
10,3,0,2,0,0
10,3,0,0,0,2
10,3,0,0,0,2
10,3,0,0,0,2
10,3,0,0,0,2
10,3,0,1,0,1
10,3,0,0,0,2
10,3,0,0,0,2
10,3,0,0,0,2
10,3,0,0,0,2
10,3,0,0,0,2
10,3,0,2,0,0
10,3,0,0,0,2
10,3,0,0,0,2
10,3,0,1,0,1
10,3,0,0,0,2
10,3,0,0,0,2
10,3,0,2,0,0
10,3,0,0,0,2
10,3,0,0,0,2
10,3,0,2,0,0
10,3,0,0,0,2
10,3,0,1,0,1
10,3,0,0,0,2
10,3,0,0,0,2
10,3,0,0,0,2
10,3,0,2,0,0
10,3,0,0,0,2
10,3,0,0,0,2
10,3,0,1,0,1
10,3,0,1,0,1
10,3,0,2,0,0
10,3,0,0,0,2
10,3,0,0,0,2
10,3,0,1,0,1
10,3,0,0,0,2
10,3,0,0,0,2
10,3,0,0,0,2
10,3,0,2,0,0
10,3,0,2,0,0
10,3,0,0,0,2
10,3,0,1,0,1
10,3,0,0,0,2
10,3,0,0,0,2
10,3,0,1,0,1
10,3,0,0,0,2
10,3,0,1,0,1
10,3,0,1,0,1
10,3,0,0,0,2
10,3,0,1,0,1
10,3,0,0,0,2
10,3,0,1,0,1
10,3,0,0,0,2
10,3,0,0,0,2
10,3,0,0,0,2
10,3,0,1,0,1
10,3,0,2,0,0
10,3,0,0,0,2
10,3,0,1,0,1
10,3,0,0,0,2
10,3,0,0,0,2
10,3,0,0,0,2
10,3,0,1,0,1
10,3,0,2,0,0
10,3,0,0,0,2
10,3,0,2,0,0
10,3,0,0,0,2
10,3,0,1,0,1
10,3,0,0,0,2
10,3,0,1,0,1
10,3,0,0,0,2
10,3,0,0,0,2
10,3,0,0,0,2
10,3,0,0,0,2
10,3,0,0,0,2
10,3,0,0,0,2
10,3,0,0,0,2
10,3,0,1,0,1
10,3,0,1,0,1
10,3,0,0,0,2
10,3,0,2,0,0
10,3,0,2,0,0
10,3,0,0,0,2
10,3,0,0,0,2
10,3,0,0,0,2
10,3,0,0,0,2
10,3,0,2,0,0
10,3,0,1,0,1
10,3,0,1,0,1
10,3,0,0,0,2
10,3,0,1,0,1
10,3,0,0,0,2
10,3,0,0,0,2
10,3,0,0,0,2
10,3,0,0,0,2
10,3,0,0,0,2
10,3,0,0,0,2
10,3,0,2,0,0
10,3,0,0,0,2
10,3,0,2,0,0
10,3,0,0,0,2
10,3,0,0,0,2
10,3,0,0,0,2
10,3,0,0,0,2
10,3,0,0,0,2
10,3,0,0,0,2
10,3,0,0,0,2
10,3,0,0,0,2
10,3,0,0,0,2
10,3,0,2,0,0
10,3,0,0,0,2
10,3,0,0,0,2
10,3,0,0,0,2
10,3,0,0,0,2
10,3,0,1,0,1
10,3,0,0,0,2
10,3,0,0,0,2
10,3,0,0,0,2
10,3,0,0,0,2
10,3,0,0,0,2
10,3,0,1,0,1
10,3,0,2,0,0
10,3,0,0,0,2
10,3,0,0,0,2
10,3,0,0,0,2
10,3,0,0,0,2
10,3,0,0,0,2
10,3,0,0,0,2
10,3,0,0,0,2
10,3,0,2,0,0
10,3,0,0,0,2
10,3,0,0,0,2
10,3,0,1,0,1
10,3,0,0,0,2
10,3,0,0,0,2
20,5,2,0,0,2
20,5,2,0,0,2
20,5,2,0,0,2
20,5,2,0,0,2
20,5,2,1,0,1
20,5,2,0,0,2
20,5,2,2,0,0
20,5,2,1,0,1
20,5,2,0,0,2
20,5,2,1,0,1
20,5,2,0,0,2
20,5,2,0,0,2
20,5,2,0,0,2
20,5,2,0,0,2
20,5,2,2,0,0
20,5,2,0,0,2
20,5,2,1,0,1
20,5,2,1,0,1
20,5,2,2,0,0
20,5,2,0,0,2
20,5,2,0,0,2
20,5,2,1,0,1
20,5,2,1,0,1
20,5,2,2,0,0
20,5,2,1,0,1
20,5,2,0,0,2
20,5,2,2,0,0
20,5,2,1,0,1
20,5,2,0,0,2
20,5,2,0,0,2
20,5,2,1,0,1
20,5,2,2,0,0
20,5,2,0,0,2
20,5,2,0,0,2
20,5,2,1,0,1
20,5,2,2,0,0
20,5,2,1,0,1
20,5,2,0,0,2
20,5,2,2,0,0
20,5,2,1,0,1
20,5,2,1,0,1
20,5,2,0,0,2
20,5,2,1,0,1
20,5,2,2,0,0
20,5,2,0,0,2
20,5,2,0,0,2
20,5,2,0,0,2
20,5,2,0,0,2
20,5,2,1,0,1
20,5,2,0,0,2
20,5,2,2,0,0
20,5,2,2,0,0
20,5,2,0,0,2
20,5,2,0,0,2
20,5,2,2,0,0
20,5,2,2,0,0
20,5,2,1,0,1
20,5,2,2,0,0
20,5,2,2,0,0
20,5,2,1,0,1
20,5,2,2,0,0
20,5,2,2,0,0
20,5,2,2,0,0
20,5,2,2,0,0
10,5,0,2,0,2
10,5,0,2,0,2
10,5,0,3,0,1
10,5,0,1,0,3
10,5,0,0,0,4
10,5,0,1,0,3
10,5,0,4,0,0
10,5,0,4,0,0
10,5,0,3,0,1
10,5,0,4,0,0
10,5,0,2,0,2
10,5,0,4,0,0
10,5,0,2,0,2
10,5,0,1,0,3
10,5,0,4,0,0
10,5,0,4,0,0
10,5,0,0,0,4
10,5,0,0,0,4
10,5,0,3,0,1
10,5,0,3,0,1
10,5,0,0,0,4
10,5,0,0,0,4
10,5,0,4,0,0
10,5,0,1,0,3
10,5,0,4,0,0
10,5,0,0,0,4
10,5,0,3,0,1
10,5,0,4,0,0
10,5,0,4,0,0
10,5,0,4,0,0
10,5,0,2,0,2
10,5,0,1,0,3
10,5,0,0,0,4
10,5,0,2,0,2
10,5,0,0,0,4
10,5,0,0,0,4
10,5,0,1,0,3
10,5,0,2,0,2
10,5,0,3,0,1
10,5,0,1,0,3
10,5,0,4,0,0
10,5,0,0,0,4
10,5,0,4,0,0
10,5,0,0,0,4
10,5,0,0,0,4
10,5,0,4,0,0
10,5,0,0,0,4
10,5,0,2,0,2
10,5,0,4,0,0
10,5,0,3,0,1
10,5,0,3,0,1
10,5,0,2,0,2
10,5,0,0,0,4
10,5,0,3,0,1
10,5,0,0,0,4
10,5,0,4,0,0
10,5,0,4,0,0
10,5,0,2,0,2
10,5,0,0,0,4
10,5,0,3,0,1
10,5,0,4,0,0
10,5,0,3,0,1
10,5,0,2,0,2
10,5,0,4,0,0
10,5,0,0,0,4
10,5,0,1,0,3
10,5,0,1,0,3
10,5,0,1,0,3
10,5,0,2,0,2
10,5,0,0,0,4
10,5,0,4,0,0
10,5,0,4,0,0
10,5,0,4,0,0
10,5,0,4,0,0
10,5,0,4,0,0
10,5,0,2,0,2
10,5,0,4,0,0
10,5,0,3,0,1
10,5,0,1,0,3
10,5,0,2,0,2
10,5,0,4,0,0
10,5,0,3,0,1
10,5,0,1,0,3
10,5,0,2,0,2
10,5,0,4,0,0
10,5,0,4,0,0
10,5,0,3,0,1
10,5,0,2,0,2
10,5,0,2,0,2
10,5,0,4,0,0
10,5,0,2,0,2
10,5,0,2,0,2
10,5,0,0,0,4
10,5,0,0,0,4
10,5,0,4,0,0
10,5,0,1,0,3
10,5,0,4,0,0
10,5,0,2,0,2
10,5,0,4,0,0
10,5,0,0,0,4
10,5,0,3,0,1
10,5,0,4,0,0
10,5,0,4,0,0
10,5,0,4,0,0
10,5,0,0,0,4
10,5,0,1,0,3
10,5,0,3,0,1
10,5,0,1,0,3
10,5,0,2,0,2
10,5,0,0,0,4
10,5,0,0,0,4
10,5,0,4,0,0
10,5,0,2,0,2
10,5,0,3,0,1
10,5,0,0,0,4
10,5,0,0,0,4
10,5,0,2,0,2
10,5,0,3,0,1
10,5,0,2,0,2
10,5,0,3,0,1
10,5,0,1,0,3
10,5,0,0,0,4
10,5,0,3,0,1
10,5,0,4,0,0
10,5,0,4,0,0
10,5,0,4,0,0
10,5,0,2,0,2
10,5,0,4,0,0
10,5,0,3,0,1
10,5,0,1,0,3
10,5,0,2,0,2
10,5,0,3,0,1
10,5,0,4,0,0
10,5,0,4,0,0
10,5,0,3,0,1
10,5,0,4,0,0
10,5,0,0,0,4
10,5,0,3,0,1
10,5,0,1,0,3
10,5,0,4,0,0
10,5,0,1,0,3
10,5,0,2,0,2
10,5,0,3,0,1
10,5,0,1,0,3
10,5,0,4,0,0
10,5,0,3,0,1
10,5,0,3,0,1
10,5,0,3,0,1
10,5,0,3,0,1
10,5,0,4,0,0
10,5,0,3,0,1
10,5,0,0,0,4
10,5,0,3,0,1
10,5,0,4,0,0
10,5,0,4,0,0
10,5,0,0,0,4
10,5,0,3,0,1
10,5,0,0,0,4
10,5,0,4,0,0
10,5,0,4,0,0
10,5,0,1,0,3
10,5,0,1,0,3
10,5,0,3,0,1
10,5,0,3,0,1
10,5,0,0,0,4
10,5,0,0,0,4
10,5,0,4,0,0
10,5,0,3,0,1
10,5,0,3,0,1
10,5,0,0,0,4
10,5,0,1,0,3
10,5,0,3,0,1
10,5,0,3,0,1
10,5,0,0,0,4
10,5,0,2,0,2
10,5,0,3,0,1
10,5,0,2,0,2
10,5,0,0,0,4
10,5,0,4,0,0
10,5,0,0,0,4
10,5,0,2,0,2
10,5,0,3,0,1
10,5,0,4,0,0
10,5,0,2,0,2
10,5,0,4,0,0
10,5,0,1,0,3
10,5,0,2,0,2
10,5,0,3,0,1
10,5,0,3,0,1
10,5,0,2,0,2
10,5,0,1,0,3
10,5,0,4,0,0
10,5,0,4,0,0
10,5,0,4,0,0
10,5,0,1,0,3
10,5,0,0,0,4
10,5,0,0,0,4
10,5,0,4,0,0
10,5,0,3,0,1
10,5,0,3,0,1
10,5,0,0,0,4
10,5,0,3,0,1
10,5,0,3,0,1
10,5,0,0,0,4
10,5,0,2,0,2
10,5,0,4,0,0
10,5,0,3,0,1
10,5,0,4,0,0
10,5,0,4,0,0
10,5,0,0,0,4
10,5,0,4,0,0
10,5,0,1,0,3
10,5,0,2,0,2
10,5,0,2,0,2
10,5,0,4,0,0
10,5,0,0,0,4
10,5,0,2,0,2
10,5,0,3,0,1
10,5,0,0,0,4
10,5,0,0,0,4
10,5,0,1,0,3
10,5,0,1,0,3
10,5,0,0,0,4
10,5,0,2,0,2
10,5,0,0,0,4
10,5,0,3,0,1
10,5,0,2,0,2
10,5,0,1,0,3
10,5,0,0,0,4
10,5,0,1,0,3
10,5,0,1,0,3
10,5,0,4,0,0
10,5,0,4,0,0
10,5,0,4,0,0
10,5,0,4,0,0
10,5,0,4,0,0
10,5,0,1,0,3
10,5,0,4,0,0
10,5,0,0,0,4
10,5,0,4,0,0
10,5,0,4,0,0
10,5,0,2,0,2
10,5,0,0,0,4
10,5,0,4,0,0
10,5,0,0,0,4
10,5,0,4,0,0
10,5,0,1,0,3
10,5,0,4,0,0
10,5,0,4,0,0
10,5,0,0,0,4
10,5,0,2,0,2
10,5,0,0,0,4
10,5,0,3,0,1
10,5,0,3,0,1
10,5,0,4,0,0
10,5,0,4,0,0
10,5,0,2,0,2
10,5,0,4,0,0
10,5,0,4,0,0
10,5,0,3,0,1
10,5,0,3,0,1
10,5,0,4,0,0
10,5,0,0,0,4
10,5,0,4,0,0
10,5,0,0,0,4
10,5,0,4,0,0
10,5,0,4,0,0
10,5,0,2,0,2
10,5,0,4,0,0
10,5,0,4,0,0
10,5,0,1,0,3
10,5,0,2,0,2
10,5,0,4,0,0
10,5,0,2,0,2
10,5,0,1,0,3
10,5,0,1,0,3
10,5,0,4,0,0
10,5,0,3,0,1
10,5,0,1,0,3
10,5,0,4,0,0
10,5,0,4,0,0
10,5,0,3,0,1
10,5,0,3,0,1
10,5,0,0,0,4
10,5,0,3,0,1
10,5,0,2,0,2
10,5,0,1,0,3
10,5,0,0,0,4
10,3,0,1,0,1
10,3,0,1,0,1
10,3,0,1,0,1
10,3,0,0,0,2
10,3,0,0,0,2
10,3,0,0,0,2
10,3,0,0,0,2
10,3,0,2,0,0
10,3,0,2,0,0
10,3,0,2,0,0
10,3,0,0,0,2
10,3,0,2,0,0
10,3,0,0,0,2
10,3,0,0,0,2
10,3,0,0,0,2
10,3,0,1,0,1
10,3,0,0,0,2
10,3,0,0,0,2
10,3,0,0,0,2
10,3,0,1,0,1
10,3,0,0,0,2
10,3,0,0,0,2
10,3,0,0,0,2
10,3,0,1,0,1
10,3,0,0,0,2
10,3,0,0,0,2
10,3,0,2,0,0
10,3,0,0,0,2
10,3,0,0,0,2
10,3,0,0,0,2
10,3,0,0,0,2
10,3,0,0,0,2
10,3,0,0,0,2
10,3,0,0,0,2
10,3,0,0,0,2
10,3,0,0,0,2
10,3,0,0,0,2
10,3,0,1,0,1
10,3,0,0,0,2
10,3,0,2,0,0
10,3,0,0,0,2
10,3,0,2,0,0
10,3,0,0,0,2
10,3,0,0,0,2
10,3,0,1,0,1
10,3,0,0,0,2
10,3,0,0,0,2
10,3,0,0,0,2
10,3,0,2,0,0
10,3,0,1,0,1
10,3,0,0,0,2
10,3,0,1,0,1
10,3,0,0,0,2
10,3,0,0,0,2
10,3,0,0,0,2
10,3,0,0,0,2
10,3,0,1,0,1
10,3,0,0,0,2
10,3,0,0,0,2
10,3,0,1,0,1
10,3,0,1,0,1
10,3,0,0,0,2
10,3,0,0,0,2
10,3,0,0,0,2
10,3,0,0,0,2
10,3,0,1,0,1
10,3,0,0,0,2
10,3,0,1,0,1
10,3,0,0,0,2
10,3,0,0,0,2
10,3,0,1,0,1
10,3,0,2,0,0
10,3,0,1,0,1
10,3,0,0,0,2
10,3,0,1,0,1
10,3,0,1,0,1
10,3,0,0,0,2
10,3,0,0,0,2
10,3,0,0,0,2
10,3,0,0,0,2
10,3,0,0,0,2
10,3,0,0,0,2
10,3,0,1,0,1
10,3,0,2,0,0
10,3,0,0,0,2
10,3,0,0,0,2
10,3,0,0,0,2
10,3,0,0,0,2
10,3,0,0,0,2
10,3,0,0,0,2
10,3,0,1,0,1
10,3,0,0,0,2
10,3,0,0,0,2
10,3,0,1,0,1
10,3,0,0,0,2
10,3,0,1,0,1
10,3,0,0,0,2
10,3,0,0,0,2
10,3,0,2,0,0
10,3,0,0,0,2
10,3,0,2,0,0
10,3,0,2,0,0
10,3,0,0,0,2
10,3,0,1,0,1
10,3,0,0,0,2
10,3,0,1,0,1
10,3,0,0,0,2
10,3,0,1,0,1
10,3,0,1,0,1
10,3,0,2,0,0
10,3,0,1,0,1
10,3,0,0,0,2
10,3,0,0,0,2
10,3,0,0,0,2
10,3,0,0,0,2
10,3,0,0,0,2
10,3,0,0,0,2
10,3,0,0,0,2
10,3,0,0,0,2
10,3,0,0,0,2
10,3,0,1,0,1
10,3,0,0,0,2
10,3,0,0,0,2
10,3,0,0,0,2
10,3,0,1,0,1
10,3,0,1,0,1
10,3,0,0,0,2
10,3,0,1,0,1
1,5,3,0,0,1
1,5,3,1,0,0
1,5,3,0,0,1
1,5,3,1,0,0
1,5,3,1,0,0
1,5,3,1,0,0
1,5,3,1,0,0
1,5,3,1,0,0
1,5,3,1,0,0
1,5,3,0,0,1
1,5,3,0,0,1
1,5,3,1,0,0
1,5,3,0,0,1
1,5,3,1,0,0
1,5,3,1,0,0
1,5,3,1,0,0
1,5,3,1,0,0
1,5,3,1,0,0
1,5,3,0,0,1
1,5,3,1,0,0
1,5,3,1,0,0
1,5,3,0,0,1
1,5,3,1,0,0
1,5,3,0,0,1
1,5,3,1,0,0
1,5,3,1,0,0
1,5,3,0,0,1
1,5,3,1,0,0
1,5,3,1,0,0
1,5,3,1,0,0
1,5,3,1,0,0
1,5,3,1,0,0
1,5,3,1,0,0
1,5,3,1,0,0
1,5,3,1,0,0
1,5,3,0,0,1
1,5,3,1,0,0
1,5,3,1,0,0
1,5,3,0,0,1
1,5,3,1,0,0
1,5,3,1,0,0
1,5,3,1,0,0
1,5,3,1,0,0
1,5,3,0,0,1
1,5,3,0,0,1
1,5,3,1,0,0
1,5,3,1,0,0
1,5,3,0,0,1
1,5,3,0,0,1
1,5,3,1,0,0
1,5,3,1,0,0
1,5,3,1,0,0
1,5,3,0,0,1
1,5,3,1,0,0
1,5,3,0,0,1
1,5,3,0,0,1
1,5,3,0,0,1
1,5,3,1,0,0
1,5,3,1,0,0
1,5,3,0,0,1
1,5,3,1,0,0
1,5,3,1,0,0
1,5,3,1,0,0
1,5,3,1,0,0
1,5,3,1,0,0
1,5,3,0,0,1
1,5,3,1,0,0
1,5,3,1,0,0
1,5,3,1,0,0
1,5,3,1,0,0
1,5,3,0,0,1
1,5,3,1,0,0
1,5,3,0,0,1
1,5,3,1,0,0
1,5,3,1,0,0
1,5,3,1,0,0
1,5,3,1,0,0
1,5,3,1,0,0
1,5,3,0,0,1
1,5,3,1,0,0
1,5,1,1,0,2
1,5,1,0,0,3
1,5,1,0,0,3
1,5,1,0,0,3
1,5,1,0,0,3
1,5,1,0,0,3
1,5,1,0,0,3
1,5,1,3,0,0
1,5,1,3,0,0
1,5,1,0,0,3
1,5,1,1,0,2
1,5,1,0,0,3
1,5,1,3,0,0
1,5,1,3,0,0
1,5,1,0,0,3
1,5,1,3,0,0
10,5,0,0,0,4
10,5,0,4,0,0
10,5,0,4,0,0
10,5,0,4,0,0
10,5,0,0,0,4
10,5,0,2,0,2
10,5,0,1,0,3
10,5,0,2,0,2
10,5,0,4,0,0
10,5,0,1,0,3
10,5,0,2,0,2
10,5,0,3,0,1
10,5,0,3,0,1
10,5,0,4,0,0
10,5,0,2,0,2
10,5,0,4,0,0
10,5,0,0,0,4
10,5,0,0,0,4
10,5,0,0,0,4
10,5,0,3,0,1
10,5,0,4,0,0
10,5,0,3,0,1
10,5,0,4,0,0
10,5,0,3,0,1
10,5,0,4,0,0
10,5,0,4,0,0
10,5,0,1,0,3
10,5,0,0,0,4
10,5,0,4,0,0
10,5,0,2,0,2
10,5,0,0,0,4
10,5,0,4,0,0
10,5,0,0,0,4
10,5,0,4,0,0
10,5,0,4,0,0
10,5,0,4,0,0
10,5,0,2,0,2
10,5,0,3,0,1
10,5,0,4,0,0
10,5,0,4,0,0
10,5,0,3,0,1
10,5,0,0,0,4
10,5,0,4,0,0
10,5,0,4,0,0
10,5,0,1,0,3
10,5,0,1,0,3
10,5,0,2,0,2
10,5,0,4,0,0
10,5,0,3,0,1
10,5,0,4,0,0
10,5,0,1,0,3
10,5,0,4,0,0
10,5,0,2,0,2
10,5,0,4,0,0
10,5,0,1,0,3
10,5,0,0,0,4
10,5,0,3,0,1
10,5,0,4,0,0
10,5,0,1,0,3
10,5,0,0,0,4
10,5,0,4,0,0
10,5,0,4,0,0
10,5,0,3,0,1
10,5,0,3,0,1
10,5,0,0,0,4
10,5,0,4,0,0
10,5,0,2,0,2
10,5,0,4,0,0
10,5,0,4,0,0
10,5,0,4,0,0
10,5,0,4,0,0
10,5,0,0,0,4
10,5,0,3,0,1
10,5,0,3,0,1
10,5,0,0,0,4
10,5,0,0,0,4
10,5,0,3,0,1
10,5,0,4,0,0
10,5,0,4,0,0
10,5,0,3,0,1
10,5,0,4,0,0
10,5,0,4,0,0
10,5,0,0,0,4
10,5,0,4,0,0
10,5,0,4,0,0
10,5,0,1,0,3
10,5,0,0,0,4
10,5,0,3,0,1
10,5,0,1,0,3
10,5,0,3,0,1
10,5,0,4,0,0
10,5,0,4,0,0
10,5,0,4,0,0
10,5,0,2,0,2
10,5,0,3,0,1
10,5,0,1,0,3
10,5,0,4,0,0
10,5,0,0,0,4
10,5,0,2,0,2
10,5,0,3,0,1
10,5,0,3,0,1
10,5,0,2,0,2
10,5,0,2,0,2
10,5,0,1,0,3
10,5,0,4,0,0
10,5,0,0,0,4
10,5,0,3,0,1
10,5,0,0,0,4
10,5,0,0,0,4
10,5,0,4,0,0
10,5,0,3,0,1
10,5,0,0,0,4
10,5,0,4,0,0
10,5,0,4,0,0
10,5,0,4,0,0
10,5,0,4,0,0
10,5,0,4,0,0
10,5,0,4,0,0
10,5,0,1,0,3
10,5,0,0,0,4
10,5,0,4,0,0
10,5,0,1,0,3
10,5,0,2,0,2
10,5,0,2,0,2
10,5,0,2,0,2
10,5,0,3,0,1
10,5,0,4,0,0
10,5,0,3,0,1
10,5,0,2,0,2
10,5,0,4,0,0
10,5,0,0,0,4
10,5,0,0,0,4
10,5,0,2,0,2
10,5,0,3,0,1
10,5,0,1,0,3
10,5,0,0,0,4
10,5,0,4,0,0
10,5,0,4,0,0
10,5,0,4,0,0
10,5,0,3,0,1
10,5,0,0,0,4
10,5,0,4,0,0
10,5,0,4,0,0
10,5,0,1,0,3
10,5,0,3,0,1
10,5,0,3,0,1
10,5,0,2,0,2
10,5,0,4,0,0
10,5,0,4,0,0
10,5,0,4,0,0
10,5,0,3,0,1
10,5,0,3,0,1
10,5,0,3,0,1
10,5,0,2,0,2
10,5,0,3,0,1
10,5,0,4,0,0
10,5,0,4,0,0
10,5,0,4,0,0
10,5,0,1,0,3
10,5,0,4,0,0
10,5,0,4,0,0
10,5,0,4,0,0
10,5,0,0,0,4
10,5,0,0,0,4
10,5,0,2,0,2
10,5,0,4,0,0
10,5,0,4,0,0
10,5,0,0,0,4
10,5,0,1,0,3
10,5,0,2,0,2
10,5,0,1,0,3
10,5,0,3,0,1
10,5,0,3,0,1
10,5,0,4,0,0
10,5,0,4,0,0
10,5,0,1,0,3
10,5,0,3,0,1
10,5,0,2,0,2
10,5,0,2,0,2
10,5,0,1,0,3
10,5,0,1,0,3
10,5,0,3,0,1
10,5,0,4,0,0
10,5,0,2,0,2
10,5,0,3,0,1
10,5,0,2,0,2
10,5,0,4,0,0
10,5,0,4,0,0
10,5,0,0,0,4
10,5,0,4,0,0
10,5,0,3,0,1
10,5,0,4,0,0
10,5,0,1,0,3
10,5,0,2,0,2
10,5,0,4,0,0
10,5,0,2,0,2
10,5,0,1,0,3
10,5,0,0,0,4
10,5,0,2,0,2
10,5,0,0,0,4
10,5,0,4,0,0
10,5,0,3,0,1
10,5,0,4,0,0
10,5,0,4,0,0
10,5,0,4,0,0
10,5,0,4,0,0
10,5,0,3,0,1
10,5,0,3,0,1
10,5,0,3,0,1
10,5,0,1,0,3
10,5,0,2,0,2
10,5,0,1,0,3
10,5,0,0,0,4
10,5,0,0,0,4
10,5,0,1,0,3
10,5,0,4,0,0
10,5,0,4,0,0
10,5,0,3,0,1
10,5,0,4,0,0
10,5,0,2,0,2
10,5,0,0,0,4
10,5,0,4,0,0
10,5,0,1,0,3
10,5,0,3,0,1
10,5,0,2,0,2
10,5,0,3,0,1
10,5,0,1,0,3
10,5,0,2,0,2
10,5,0,0,0,4
10,5,0,0,0,4
10,5,0,0,0,4
10,5,0,4,0,0
10,5,0,3,0,1
10,5,0,0,0,4
10,5,0,1,0,3
10,5,0,2,0,2
10,5,0,2,0,2
10,5,0,0,0,4
10,5,0,4,0,0
10,5,0,0,0,4
10,5,0,0,0,4
10,5,0,1,0,3
10,5,0,4,0,0
10,5,0,2,0,2
10,5,0,0,0,4
10,5,0,4,0,0
10,5,0,0,0,4
10,5,0,4,0,0
10,5,0,2,0,2
10,5,0,4,0,0
10,5,0,3,0,1
10,5,0,4,0,0
10,5,0,4,0,0
10,5,0,1,0,3
10,5,0,3,0,1
10,5,0,4,0,0
10,5,0,0,0,4
10,5,0,4,0,0
10,5,0,4,0,0
10,5,0,3,0,1
10,5,0,4,0,0
10,5,0,0,0,4
10,5,0,0,0,4
10,5,0,4,0,0
10,5,0,3,0,1
10,5,0,0,0,4
10,5,0,3,0,1
10,5,0,2,0,2
10,5,0,3,0,1
10,5,0,0,0,4
10,5,0,1,0,3
10,5,0,3,0,1
10,3,0,0,0,2
10,3,0,0,0,2
10,3,0,1,0,1
10,3,0,0,0,2
10,3,0,0,0,2
10,3,0,0,0,2
10,3,0,2,0,0
10,3,0,1,0,1
10,3,0,0,0,2
10,3,0,0,0,2
10,3,0,0,0,2
10,3,0,1,0,1
10,3,0,0,0,2
10,3,0,0,0,2
10,3,0,0,0,2
10,3,0,1,0,1
10,3,0,0,0,2
10,3,0,0,0,2
10,3,0,0,0,2
10,3,0,0,0,2
10,3,0,2,0,0
10,3,0,0,0,2
10,3,0,0,0,2
10,3,0,1,0,1
10,3,0,0,0,2
10,3,0,2,0,0
10,3,0,1,0,1
10,3,0,0,0,2
10,3,0,0,0,2
10,3,0,0,0,2
10,3,0,1,0,1
10,3,0,2,0,0
10,3,0,1,0,1
10,3,0,1,0,1
10,3,0,1,0,1
10,3,0,1,0,1
10,3,0,0,0,2
10,3,0,0,0,2
10,3,0,0,0,2
10,3,0,0,0,2
10,3,0,0,0,2
10,3,0,1,0,1
10,3,0,0,0,2
10,3,0,0,0,2
10,3,0,0,0,2
10,3,0,0,0,2
10,3,0,0,0,2
10,3,0,0,0,2
10,3,0,0,0,2
10,3,0,0,0,2
10,3,0,0,0,2
10,3,0,0,0,2
10,3,0,1,0,1
10,3,0,0,0,2
10,3,0,0,0,2
10,3,0,0,0,2
10,3,0,0,0,2
10,3,0,2,0,0
10,3,0,1,0,1
10,3,0,2,0,0
10,3,0,0,0,2
10,3,0,0,0,2
10,3,0,1,0,1
10,3,0,1,0,1
10,3,0,2,0,0
10,3,0,0,0,2
10,3,0,2,0,0
10,3,0,0,0,2
10,3,0,0,0,2
10,3,0,1,0,1
10,3,0,1,0,1
10,3,0,1,0,1
10,3,0,2,0,0
10,3,0,0,0,2
10,3,0,0,0,2
10,3,0,2,0,0
10,3,0,0,0,2
10,3,0,1,0,1
10,3,0,0,0,2
10,3,0,0,0,2
10,3,0,1,0,1
10,3,0,2,0,0
10,3,0,2,0,0
10,3,0,0,0,2
10,3,0,1,0,1
10,3,0,0,0,2
10,3,0,0,0,2
10,3,0,0,0,2
10,3,0,0,0,2
10,3,0,0,0,2
10,3,0,0,0,2
10,3,0,0,0,2
10,3,0,0,0,2
10,3,0,2,0,0
10,3,0,0,0,2
10,3,0,0,0,2
10,3,0,2,0,0
10,3,0,0,0,2
10,3,0,0,0,2
10,3,0,2,0,0
10,3,0,0,0,2
10,3,0,1,0,1
10,3,0,0,0,2
10,3,0,0,0,2
10,3,0,2,0,0
10,3,0,0,0,2
10,3,0,0,0,2
10,3,0,0,0,2
10,3,0,0,0,2
10,3,0,0,0,2
10,3,0,0,0,2
10,3,0,1,0,1
10,5,3,0,0,1
10,5,3,1,0,0
10,5,3,1,0,0
10,5,3,1,0,0
10,5,3,1,0,0
10,5,3,0,0,1
10,5,3,1,0,0
10,5,3,0,0,1
10,5,3,0,0,1
10,5,3,0,0,1
10,5,3,1,0,0
10,5,3,0,0,1
10,5,3,0,0,1
10,5,3,0,0,1
10,5,3,0,0,1
10,5,3,0,0,1
10,5,3,1,0,0
10,5,3,0,0,1
10,5,3,0,0,1
10,5,3,0,0,1
10,5,3,0,0,1
10,5,3,0,0,1
10,5,3,1,0,0
10,5,3,0,0,1
10,5,3,0,0,1
10,5,3,1,0,0
10,5,3,0,0,1
10,5,3,1,0,0
10,5,3,1,0,0
10,5,3,1,0,0
10,5,3,1,0,0
10,5,3,1,0,0
10,5,3,1,0,0
10,5,3,0,0,1
10,5,3,0,0,1
10,5,3,0,0,1
10,5,3,0,0,1
10,5,3,1,0,0
10,5,3,0,0,1
10,5,3,1,0,0
10,5,3,0,0,1
10,5,3,0,0,1
10,5,3,0,0,1
10,5,3,0,0,1
10,5,3,1,0,0
10,5,3,1,0,0
10,5,3,1,0,0
10,5,3,0,0,1
10,5,3,1,0,0
10,5,3,1,0,0
10,5,3,0,0,1
10,5,3,0,0,1
10,5,3,1,0,0
10,5,3,1,0,0
10,5,3,1,0,0
10,5,3,0,0,1
10,5,3,0,0,1
10,5,3,0,0,1
10,5,3,1,0,0
10,5,3,0,0,1
10,5,3,1,0,0
10,5,3,1,0,0
10,5,3,1,0,0
10,5,3,1,0,0
10,5,3,1,0,0
10,5,3,0,0,1
10,5,3,1,0,0
10,5,3,1,0,0
10,5,3,1,0,0
10,5,3,0,0,1
10,5,3,0,0,1
10,5,3,1,0,0
10,5,3,1,0,0
10,5,3,0,0,1
10,5,3,0,0,1
10,5,3,1,0,0
10,5,3,0,0,1
10,5,3,0,0,1
10,5,3,1,0,0
10,5,3,0,0,1
10,5,3,1,0,0
10,5,3,0,0,1
10,5,3,0,0,1
10,5,3,0,0,1
10,5,3,1,0,0
10,5,3,0,0,1
10,5,3,0,0,1
10,5,3,0,0,1
10,5,3,0,0,1
10,5,3,0,0,1
10,5,3,1,0,0
10,5,3,0,0,1
10,5,3,1,0,0
10,5,3,0,0,1
10,5,3,1,0,0
10,5,3,0,0,1
10,5,1,2,0,1
10,5,1,1,0,2
10,5,1,1,0,2
10,5,1,3,0,0
10,5,1,0,0,3
10,5,1,1,0,2
10,5,1,1,0,2
10,5,1,0,0,3
10,5,1,2,0,1
10,5,1,1,0,2
10,5,1,1,0,2
10,5,1,0,0,3
10,5,1,0,0,3
10,5,1,0,0,3
10,5,1,1,0,2
10,5,1,2,0,1
10,5,0,4,0,0
10,5,0,4,0,0
10,5,0,0,0,4
10,5,0,0,0,4
10,5,0,4,0,0
10,5,0,1,0,3
10,5,0,0,0,4
10,5,0,0,0,4
10,5,0,2,0,2
10,5,0,2,0,2
10,5,0,3,0,1
10,5,0,4,0,0
10,5,0,1,0,3
10,5,0,4,0,0
10,5,0,1,0,3
10,5,0,1,0,3
10,5,0,4,0,0
10,5,0,4,0,0
10,5,0,4,0,0
10,5,0,0,0,4
10,5,0,2,0,2
10,5,0,4,0,0
10,5,0,4,0,0
10,5,0,4,0,0
10,5,0,4,0,0
10,5,0,0,0,4
10,5,0,0,0,4
10,5,0,0,0,4
10,5,0,4,0,0
10,5,0,4,0,0
10,5,0,1,0,3
10,5,0,3,0,1
10,5,0,1,0,3
10,5,0,2,0,2
10,5,0,2,0,2
10,5,0,1,0,3
10,5,0,0,0,4
10,5,0,3,0,1
10,5,0,1,0,3
10,5,0,4,0,0
10,5,0,4,0,0
10,5,0,4,0,0
10,5,0,4,0,0
10,5,0,3,0,1
10,5,0,0,0,4
10,5,0,0,0,4
10,5,0,2,0,2
10,5,0,0,0,4
10,5,0,4,0,0
10,5,0,4,0,0
10,5,0,0,0,4
10,5,0,2,0,2
10,5,0,1,0,3
10,5,0,0,0,4
10,5,0,0,0,4
10,5,0,3,0,1
10,5,0,0,0,4
10,5,0,0,0,4
10,5,0,4,0,0
10,5,0,4,0,0
10,5,0,4,0,0
10,5,0,2,0,2
10,5,0,3,0,1
10,5,0,0,0,4
10,5,0,4,0,0
10,5,0,0,0,4
10,5,0,4,0,0
10,5,0,4,0,0
10,5,0,2,0,2
10,5,0,2,0,2
10,5,0,0,0,4
10,5,0,4,0,0
10,5,0,0,0,4
10,5,0,4,0,0
10,5,0,4,0,0
10,5,0,4,0,0
10,5,0,1,0,3
10,5,0,4,0,0
10,5,0,3,0,1
10,5,0,4,0,0
10,5,0,0,0,4
10,5,0,3,0,1
10,5,0,1,0,3
10,5,0,3,0,1
10,5,0,4,0,0
10,5,0,4,0,0
10,5,0,1,0,3
10,5,0,1,0,3
10,5,0,4,0,0
10,5,0,4,0,0
10,5,0,3,0,1
10,5,0,4,0,0
10,5,0,0,0,4
10,5,0,3,0,1
10,5,0,4,0,0
10,5,0,1,0,3
10,5,0,4,0,0
10,5,0,3,0,1
10,5,0,0,0,4
10,5,0,4,0,0
10,5,0,3,0,1
10,5,0,0,0,4
10,5,0,2,0,2
10,5,0,2,0,2
10,5,0,4,0,0
10,5,0,2,0,2
10,5,0,0,0,4
10,5,0,4,0,0
10,5,0,4,0,0
10,5,0,3,0,1
10,5,0,2,0,2
10,5,0,4,0,0
10,5,0,1,0,3
10,5,0,4,0,0
10,5,0,3,0,1
10,5,0,0,0,4
10,5,0,2,0,2
10,5,0,2,0,2
10,5,0,1,0,3
10,5,0,1,0,3
10,5,0,0,0,4
10,5,0,4,0,0
10,5,0,4,0,0
10,5,0,4,0,0
10,5,0,3,0,1
10,5,0,4,0,0
10,5,0,2,0,2
10,5,0,0,0,4
10,5,0,3,0,1
10,5,0,3,0,1
10,5,0,3,0,1
10,5,0,1,0,3
10,5,0,4,0,0
10,5,0,0,0,4
10,5,0,4,0,0
10,5,0,4,0,0
10,5,0,4,0,0
10,5,0,4,0,0
10,5,0,4,0,0
10,5,0,0,0,4
10,5,0,0,0,4
10,5,0,4,0,0
10,5,0,4,0,0
10,5,0,4,0,0
10,5,0,3,0,1
10,5,0,4,0,0
10,5,0,4,0,0
10,5,0,4,0,0
10,5,0,4,0,0
10,5,0,3,0,1
10,5,0,4,0,0
10,5,0,3,0,1
10,5,0,4,0,0
10,5,0,4,0,0
10,5,0,1,0,3
10,5,0,0,0,4
10,5,0,0,0,4
10,5,0,3,0,1
10,5,0,3,0,1
10,5,0,3,0,1
10,5,0,4,0,0
10,5,0,3,0,1
10,5,0,3,0,1
10,5,0,4,0,0
10,5,0,1,0,3
10,5,0,1,0,3
10,5,0,0,0,4
10,5,0,4,0,0
10,5,0,4,0,0
10,5,0,3,0,1
10,5,0,3,0,1
10,5,0,1,0,3
10,5,0,3,0,1
10,5,0,3,0,1
10,5,0,0,0,4
10,5,0,4,0,0
10,5,0,0,0,4
10,5,0,0,0,4
10,5,0,1,0,3
10,5,0,2,0,2
10,5,0,1,0,3
10,5,0,4,0,0
10,5,0,3,0,1
10,5,0,4,0,0
10,5,0,2,0,2
10,5,0,1,0,3
10,5,0,3,0,1
10,5,0,4,0,0
10,5,0,4,0,0
10,5,0,0,0,4
10,5,0,2,0,2
10,5,0,4,0,0
10,5,0,3,0,1
10,5,0,4,0,0
10,5,0,4,0,0
10,5,0,2,0,2
10,5,0,3,0,1
10,5,0,4,0,0
10,5,0,0,0,4
10,5,0,3,0,1
10,5,0,3,0,1
10,5,0,3,0,1
10,5,0,0,0,4
10,5,0,4,0,0
10,5,0,2,0,2
10,5,0,4,0,0
10,5,0,2,0,2
10,5,0,2,0,2
10,5,0,2,0,2
10,5,0,0,0,4
10,5,0,1,0,3
10,5,0,1,0,3
10,5,0,4,0,0
10,5,0,0,0,4
10,5,0,4,0,0
10,5,0,4,0,0
10,5,0,3,0,1
10,5,0,0,0,4
10,5,0,2,0,2
10,5,0,4,0,0
10,5,0,0,0,4
10,5,0,1,0,3
10,5,0,0,0,4
10,5,0,0,0,4
10,5,0,1,0,3
10,5,0,4,0,0
10,5,0,4,0,0
10,5,0,2,0,2
10,5,0,4,0,0
10,5,0,4,0,0
10,5,0,3,0,1
10,5,0,0,0,4
10,5,0,4,0,0
10,5,0,4,0,0
10,5,0,4,0,0
10,5,0,3,0,1
10,5,0,0,0,4
10,5,0,0,0,4
10,5,0,0,0,4
10,5,0,1,0,3
10,5,0,4,0,0
10,5,0,0,0,4
10,5,0,4,0,0
10,5,0,0,0,4
10,5,0,0,0,4
10,5,0,4,0,0
10,5,0,4,0,0
10,5,0,4,0,0
10,5,0,4,0,0
10,5,0,4,0,0
10,5,0,4,0,0
10,5,0,4,0,0
10,5,0,0,0,4
10,5,0,3,0,1
10,5,0,4,0,0
10,5,0,4,0,0
10,5,0,0,0,4
10,5,0,3,0,1
10,5,0,2,0,2
10,5,0,2,0,2
10,5,0,4,0,0
10,5,0,2,0,2
10,5,0,2,0,2
10,5,0,1,0,3
10,5,0,4,0,0
10,5,0,1,0,3
10,5,0,3,0,1
10,5,0,0,0,4
10,5,0,1,0,3
10,5,0,2,0,2
10,5,0,1,0,3
10,5,0,4,0,0
10,5,0,2,0,2
10,5,0,1,0,3
10,5,0,3,0,1
10,5,0,4,0,0
10,5,0,0,0,4
10,5,0,4,0,0
10,5,0,1,0,3
10,5,0,3,0,1
10,5,0,4,0,0
10,5,0,3,0,1
10,5,0,3,0,1
10,5,0,2,0,2
10,5,0,4,0,0
10,5,0,4,0,0
10,5,0,2,0,2
10,5,0,3,0,1
10,3,0,0,0,2
10,3,0,0,0,2
10,3,0,1,0,1
10,3,0,1,0,1
10,3,0,0,0,2
10,3,0,0,0,2
10,3,0,0,0,2
10,3,0,0,0,2
10,3,0,0,0,2
10,3,0,0,0,2
10,3,0,0,0,2
10,3,0,0,0,2
10,3,0,2,0,0
10,3,0,0,0,2
10,3,0,1,0,1
10,3,0,1,0,1
10,3,0,2,0,0
10,3,0,0,0,2
10,3,0,2,0,0
10,3,0,0,0,2
10,3,0,0,0,2
10,3,0,0,0,2
10,3,0,0,0,2
10,3,0,0,0,2
10,3,0,2,0,0
10,3,0,2,0,0
10,3,0,1,0,1
10,3,0,1,0,1
10,3,0,0,0,2
10,3,0,1,0,1
10,3,0,0,0,2
10,3,0,1,0,1
10,3,0,2,0,0
10,3,0,0,0,2
10,3,0,0,0,2
10,3,0,0,0,2
10,3,0,2,0,0
10,3,0,1,0,1
10,3,0,0,0,2
10,3,0,2,0,0
10,3,0,0,0,2
10,3,0,0,0,2
10,3,0,2,0,0
10,3,0,0,0,2
10,3,0,0,0,2
10,3,0,0,0,2
10,3,0,1,0,1
10,3,0,0,0,2
10,3,0,0,0,2
10,3,0,0,0,2
10,3,0,0,0,2
10,3,0,1,0,1
10,3,0,1,0,1
10,3,0,0,0,2
10,3,0,0,0,2
10,3,0,0,0,2
10,3,0,0,0,2
10,3,0,0,0,2
10,3,0,0,0,2
10,3,0,0,0,2
10,3,0,2,0,0
10,3,0,0,0,2
10,3,0,0,0,2
10,3,0,0,0,2
10,3,0,0,0,2
10,3,0,1,0,1
10,3,0,1,0,1
10,3,0,1,0,1
10,3,0,0,0,2
10,3,0,0,0,2
10,3,0,2,0,0
10,3,0,0,0,2
10,3,0,0,0,2
10,3,0,1,0,1
10,3,0,0,0,2
10,3,0,0,0,2
10,3,0,1,0,1
10,3,0,1,0,1
10,3,0,0,0,2
10,3,0,1,0,1
20,5,3,1,0,0
20,5,3,0,0,1
20,5,3,1,0,0
20,5,3,0,0,1
20,5,3,0,0,1
20,5,3,1,0,0
20,5,3,0,0,1
20,5,3,0,0,1
20,5,3,0,0,1
20,5,3,0,0,1
20,5,3,1,0,0
20,5,3,1,0,0
20,5,3,0,0,1
20,5,3,0,0,1
20,5,3,0,0,1
20,5,3,0,0,1
20,5,3,0,0,1
20,5,3,0,0,1
20,5,3,0,0,1
20,5,3,0,0,1
20,5,3,1,0,0
20,5,3,0,0,1
20,5,3,1,0,0
20,5,3,0,0,1
20,5,3,0,0,1
20,5,3,0,0,1
20,5,3,0,0,1
20,5,3,0,0,1
20,5,3,1,0,0
20,5,3,1,0,0
20,5,3,0,0,1
20,5,3,0,0,1
20,5,3,0,0,1
20,5,3,0,0,1
20,5,3,0,0,1
20,5,3,0,0,1
20,5,3,0,0,1
20,5,3,0,0,1
20,5,3,1,0,0
20,5,3,0,0,1
20,5,3,1,0,0
20,5,3,0,0,1
20,5,3,0,0,1
20,5,3,0,0,1
20,5,3,1,0,0
20,5,3,0,0,1
20,5,3,0,0,1
20,5,3,0,0,1
20,5,3,0,0,1
20,5,3,0,0,1
20,5,3,1,0,0
20,5,3,0,0,1
20,5,3,0,0,1
20,5,3,0,0,1
20,5,3,1,0,0
20,5,3,1,0,0
20,5,3,0,0,1
20,5,3,1,0,0
20,5,3,0,0,1
20,5,3,0,0,1
20,5,3,0,0,1
20,5,3,1,0,0
20,5,3,0,0,1
20,5,3,0,0,1
20,5,3,0,0,1
20,5,3,0,0,1
20,5,3,0,0,1
20,5,3,1,0,0
20,5,3,0,0,1
20,5,3,0,0,1
20,5,3,0,0,1
20,5,3,0,0,1
20,5,3,0,0,1
20,5,3,0,0,1
20,5,3,1,0,0
20,5,3,0,0,1
20,5,3,0,0,1
20,5,3,0,0,1
20,5,3,1,0,0
20,5,3,0,0,1
20,5,3,1,0,0
20,5,3,0,0,1
20,5,3,1,0,0
20,5,3,0,0,1
20,5,3,1,0,0
20,5,3,1,0,0
20,5,3,0,0,1
20,5,3,0,0,1
20,5,3,0,0,1
20,5,3,0,0,1
20,5,3,0,0,1
20,5,3,0,0,1
20,5,3,0,0,1
20,5,3,0,0,1
20,5,3,0,0,1
20,5,3,0,0,1
20,5,1,0,0,3
20,5,1,0,0,3
20,5,1,0,0,3
20,5,1,0,0,3
20,5,1,0,0,3
20,5,1,0,0,3
20,5,1,0,0,3
20,5,1,0,0,3
20,5,1,0,0,3
20,5,1,0,0,3
20,5,1,1,0,2
20,5,1,0,0,3
20,5,1,0,0,3
20,5,1,1,0,2
20,5,1,0,0,3
20,5,1,1,0,2
10,5,0,3,0,1
10,5,0,2,0,2
10,5,0,3,0,1
10,5,0,4,0,0
10,5,0,0,0,4
10,5,0,0,0,4
10,5,0,2,0,2
10,5,0,1,0,3
10,5,0,3,0,1
10,5,0,4,0,0
10,5,0,1,0,3
10,5,0,4,0,0
10,5,0,4,0,0
10,5,0,2,0,2
10,5,0,1,0,3
10,5,0,4,0,0
10,5,0,4,0,0
10,5,0,2,0,2
10,5,0,3,0,1
10,5,0,3,0,1
10,5,0,3,0,1
10,5,0,4,0,0
10,5,0,2,0,2
10,5,0,4,0,0
10,5,0,0,0,4
10,5,0,0,0,4
10,5,0,0,0,4
10,5,0,3,0,1
10,5,0,3,0,1
10,5,0,0,0,4
10,5,0,1,0,3
10,5,0,3,0,1
10,5,0,4,0,0
10,5,0,2,0,2
10,5,0,1,0,3
10,5,0,2,0,2
10,5,0,0,0,4
10,5,0,0,0,4
10,5,0,0,0,4
10,5,0,4,0,0
10,5,0,4,0,0
10,5,0,4,0,0
10,5,0,1,0,3
10,5,0,3,0,1
10,5,0,2,0,2
10,5,0,0,0,4
10,5,0,4,0,0
10,5,0,2,0,2
10,5,0,1,0,3
10,5,0,2,0,2
10,5,0,3,0,1
10,5,0,1,0,3
10,5,0,4,0,0
10,5,0,2,0,2
10,5,0,2,0,2
10,5,0,1,0,3
10,5,0,3,0,1
10,5,0,3,0,1
10,5,0,3,0,1
10,5,0,3,0,1
10,5,0,2,0,2
10,5,0,4,0,0
10,5,0,0,0,4
10,5,0,4,0,0
10,5,0,3,0,1
10,5,0,1,0,3
10,5,0,0,0,4
10,5,0,3,0,1
10,5,0,3,0,1
10,5,0,2,0,2
10,5,0,0,0,4
10,5,0,3,0,1
10,5,0,2,0,2
10,5,0,4,0,0
10,5,0,4,0,0
10,5,0,2,0,2
10,5,0,3,0,1
10,5,0,0,0,4
10,5,0,1,0,3
10,5,0,4,0,0
10,5,0,0,0,4
10,5,0,4,0,0
10,5,0,2,0,2
10,5,0,2,0,2
10,5,0,4,0,0
10,5,0,4,0,0
10,5,0,4,0,0
10,5,0,0,0,4
10,5,0,2,0,2
10,5,0,4,0,0
10,5,0,4,0,0
10,5,0,1,0,3
10,5,0,1,0,3
10,5,0,4,0,0
10,5,0,2,0,2
10,5,0,4,0,0
10,5,0,0,0,4
10,5,0,4,0,0
10,5,0,2,0,2
10,5,0,1,0,3
10,5,0,3,0,1
10,5,0,1,0,3
10,5,0,4,0,0
10,5,0,3,0,1
10,5,0,3,0,1
10,5,0,3,0,1
10,5,0,3,0,1
10,5,0,4,0,0
10,5,0,4,0,0
10,5,0,2,0,2
10,5,0,3,0,1
10,5,0,0,0,4
10,5,0,4,0,0
10,5,0,0,0,4
10,5,0,0,0,4
10,5,0,1,0,3
10,5,0,3,0,1
10,5,0,1,0,3
10,5,0,0,0,4
10,5,0,0,0,4
10,5,0,1,0,3
10,5,0,4,0,0
10,5,0,3,0,1
10,5,0,2,0,2
10,5,0,4,0,0
10,5,0,3,0,1
10,5,0,1,0,3
10,5,0,3,0,1
10,5,0,4,0,0
10,5,0,1,0,3
10,5,0,0,0,4
10,5,0,4,0,0
10,5,0,0,0,4
10,5,0,4,0,0
10,5,0,1,0,3
10,5,0,4,0,0
10,5,0,2,0,2
10,5,0,4,0,0
10,5,0,4,0,0
10,5,0,4,0,0
10,5,0,0,0,4
10,5,0,4,0,0
10,5,0,0,0,4
10,5,0,4,0,0
10,5,0,4,0,0
10,5,0,0,0,4
10,5,0,4,0,0
10,5,0,3,0,1
10,5,0,3,0,1
10,5,0,2,0,2
10,5,0,1,0,3
10,5,0,3,0,1
10,5,0,0,0,4
10,5,0,4,0,0
10,5,0,4,0,0
10,5,0,4,0,0
10,5,0,0,0,4
10,5,0,4,0,0
10,5,0,2,0,2
10,5,0,0,0,4
10,5,0,1,0,3
10,5,0,0,0,4
10,5,0,0,0,4
10,5,0,4,0,0
10,5,0,4,0,0
10,5,0,4,0,0
10,5,0,0,0,4
10,5,0,4,0,0
10,5,0,3,0,1
10,5,0,4,0,0
10,5,0,0,0,4
10,5,0,4,0,0
10,5,0,1,0,3
10,5,0,4,0,0
10,5,0,3,0,1
10,5,0,3,0,1
10,5,0,3,0,1
10,5,0,4,0,0
10,5,0,4,0,0
10,5,0,1,0,3
10,5,0,1,0,3
10,5,0,2,0,2
10,5,0,1,0,3
10,5,0,3,0,1
10,5,0,2,0,2
10,5,0,0,0,4
10,5,0,2,0,2
10,5,0,0,0,4
10,5,0,1,0,3
10,5,0,3,0,1
10,5,0,4,0,0
10,5,0,0,0,4
10,5,0,2,0,2
10,5,0,4,0,0
10,5,0,0,0,4
10,5,0,0,0,4
10,5,0,4,0,0
10,5,0,4,0,0
10,5,0,4,0,0
10,5,0,3,0,1
10,5,0,4,0,0
10,5,0,3,0,1
10,5,0,3,0,1
10,5,0,4,0,0
10,5,0,0,0,4
10,5,0,3,0,1
10,5,0,4,0,0
10,5,0,4,0,0
10,5,0,4,0,0
10,5,0,4,0,0
10,5,0,4,0,0
10,5,0,1,0,3
10,5,0,4,0,0
10,5,0,4,0,0
10,5,0,4,0,0
10,5,0,4,0,0
10,5,0,1,0,3
10,5,0,3,0,1
10,5,0,4,0,0
10,5,0,4,0,0
10,5,0,0,0,4
10,5,0,3,0,1
10,5,0,0,0,4
10,5,0,2,0,2
10,5,0,4,0,0
10,5,0,4,0,0
10,5,0,2,0,2
10,5,0,3,0,1
10,5,0,4,0,0
10,5,0,2,0,2
10,5,0,4,0,0
10,5,0,1,0,3
10,5,0,3,0,1
10,5,0,4,0,0
10,5,0,4,0,0
10,5,0,3,0,1
10,5,0,3,0,1
10,5,0,4,0,0
10,5,0,4,0,0
10,5,0,3,0,1
10,5,0,0,0,4
10,5,0,0,0,4
10,5,0,3,0,1
10,5,0,3,0,1
10,5,0,2,0,2
10,5,0,0,0,4
10,5,0,1,0,3
10,5,0,0,0,4
10,5,0,1,0,3
10,5,0,4,0,0
10,5,0,3,0,1
10,5,0,1,0,3
10,5,0,4,0,0
10,5,0,2,0,2
10,5,0,4,0,0
10,5,0,4,0,0
10,5,0,3,0,1
10,5,0,4,0,0
10,5,0,0,0,4
10,5,0,2,0,2
10,5,0,0,0,4
10,5,0,4,0,0
10,5,0,4,0,0
10,5,0,1,0,3
10,5,0,0,0,4
10,5,0,0,0,4
10,5,0,2,0,2
10,5,0,4,0,0
10,5,0,2,0,2
10,5,0,0,0,4
10,5,0,4,0,0
10,5,0,1,0,3
10,5,0,2,0,2
10,5,0,0,0,4
10,5,0,2,0,2
10,5,0,3,0,1
10,5,0,1,0,3
10,5,0,4,0,0
10,5,0,4,0,0
10,5,0,3,0,1
10,5,0,4,0,0
10,5,0,4,0,0
10,5,0,4,0,0
10,5,0,2,0,2
10,5,0,3,0,1
10,5,0,1,0,3
10,5,0,4,0,0
10,5,0,1,0,3
10,5,0,1,0,3
10,5,0,1,0,3
10,5,0,0,0,4
10,5,0,1,0,3
10,5,0,4,0,0
10,5,0,0,0,4
10,5,0,1,0,3
10,5,0,3,0,1
10,5,0,2,0,2
10,5,0,4,0,0
10,5,0,2,0,2
10,5,0,3,0,1
10,5,0,2,0,2
10,5,0,3,0,1
10,5,0,3,0,1
10,5,0,3,0,1
10,3,0,1,0,1
10,3,0,1,0,1
10,3,0,1,0,1
10,3,0,1,0,1
10,3,0,0,0,2
10,3,0,0,0,2
10,3,0,0,0,2
10,3,0,1,0,1
10,3,0,0,0,2
10,3,0,0,0,2
10,3,0,0,0,2
10,3,0,0,0,2
10,3,0,2,0,0
10,3,0,2,0,0
10,3,0,2,0,0
10,3,0,0,0,2
10,3,0,0,0,2
10,3,0,1,0,1
10,3,0,0,0,2
10,3,0,2,0,0
10,3,0,2,0,0
10,3,0,0,0,2
10,3,0,0,0,2
10,3,0,0,0,2
10,3,0,0,0,2
10,3,0,0,0,2
10,3,0,0,0,2
10,3,0,0,0,2
10,3,0,2,0,0
10,3,0,2,0,0
10,3,0,2,0,0
10,3,0,1,0,1
10,3,0,0,0,2
10,3,0,0,0,2
10,3,0,1,0,1
10,3,0,1,0,1
10,3,0,2,0,0
10,3,0,1,0,1
10,3,0,0,0,2
10,3,0,1,0,1
10,3,0,0,0,2
10,3,0,0,0,2
10,3,0,0,0,2
10,3,0,1,0,1
10,3,0,0,0,2
10,3,0,0,0,2
10,3,0,0,0,2
10,3,0,0,0,2
10,3,0,0,0,2
10,3,0,0,0,2
10,3,0,2,0,0
10,3,0,0,0,2
10,3,0,2,0,0
10,3,0,0,0,2
10,3,0,1,0,1
10,3,0,1,0,1
10,3,0,1,0,1
10,3,0,0,0,2
10,3,0,1,0,1
10,3,0,1,0,1
10,3,0,0,0,2
10,3,0,0,0,2
10,3,0,1,0,1
10,3,0,1,0,1
